"jurisdiccion_codigo_indec","jurisdiccion_nombre","vacuna_nombre",primera_dosis_cantidad,segunda_dosis_cantidad
"06","Buenos Aires","AstraZeneca ChAdOx1 S recombinante",3258661,916201
"06","Buenos Aires","COVISHIELD ChAdOx1nCoV COVID 19",250729,310
"06","Buenos Aires","Moderna ARNm",15713,0
"06","Buenos Aires","Sinopharm Vacuna SARSCOV 2 inactivada",2966542,1150619
"06","Buenos Aires","Sputnik V COVID19 Instituto Gamaleya",3576332,908993
"02","CABA","AstraZeneca ChAdOx1 S recombinante",652330,292218
"02","CABA","COVISHIELD ChAdOx1nCoV COVID 19",65353,186
"02","CABA","Moderna ARNm",9408,5308
"02","CABA","Sinopharm Vacuna SARSCOV 2 inactivada",601788,317636
"02","CABA","Sputnik V COVID19 Instituto Gamaleya",754571,207441
"10","Catamarca","AstraZeneca ChAdOx1 S recombinante",80538,13410
"10","Catamarca","COVISHIELD ChAdOx1nCoV COVID 19",4562,1
"10","Catamarca","Moderna ARNm",1386,0
"10","Catamarca","Sinopharm Vacuna SARSCOV 2 inactivada",91509,20509
"10","Catamarca","Sputnik V COVID19 Instituto Gamaleya",79059,21350
"22","Chaco","AstraZeneca ChAdOx1 S recombinante",208155,50565
"22","Chaco","COVISHIELD ChAdOx1nCoV COVID 19",15299,582
"22","Chaco","Moderna ARNm",2762,2
"22","Chaco","Sinopharm Vacuna SARSCOV 2 inactivada",141263,72114
"22","Chaco","Sputnik V COVID19 Instituto Gamaleya",214496,55911
"26","Chubut","AstraZeneca ChAdOx1 S recombinante",117928,25272
"26","Chubut","COVISHIELD ChAdOx1nCoV COVID 19",11718,609
"26","Chubut","Moderna ARNm",594,0
"26","Chubut","Sinopharm Vacuna SARSCOV 2 inactivada",83132,41231
"26","Chubut","Sputnik V COVID19 Instituto Gamaleya",112417,32062
"18","Corrientes","AstraZeneca ChAdOx1 S recombinante",152437,61701
"18","Corrientes","COVISHIELD ChAdOx1nCoV COVID 19",19623,387
"18","Corrientes","Moderna ARNm",1787,0
"18","Corrientes","Sinopharm Vacuna SARSCOV 2 inactivada",215811,65150
"18","Corrientes","Sputnik V COVID19 Instituto Gamaleya",207204,48546
"14","Córdoba","AstraZeneca ChAdOx1 S recombinante",729657,265416
"14","Córdoba","COVISHIELD ChAdOx1nCoV COVID 19",43651,67
"14","Córdoba","Sinopharm Vacuna SARSCOV 2 inactivada",673199,311937
"14","Córdoba","Sputnik V COVID19 Instituto Gamaleya",730489,188011
"30","Entre Ríos","AstraZeneca ChAdOx1 S recombinante",248981,60228
"30","Entre Ríos","COVISHIELD ChAdOx1nCoV COVID 19",17092,332
"30","Entre Ríos","Moderna ARNm",2333,0
"30","Entre Ríos","Sinopharm Vacuna SARSCOV 2 inactivada",231375,92214
"30","Entre Ríos","Sputnik V COVID19 Instituto Gamaleya",248750,66753
"34","Formosa","AstraZeneca ChAdOx1 S recombinante",113066,35721
"34","Formosa","COVISHIELD ChAdOx1nCoV COVID 19",7339,1
"34","Formosa","Moderna ARNm",2473,0
"34","Formosa","Sinopharm Vacuna SARSCOV 2 inactivada",130587,51318
"34","Formosa","Sputnik V COVID19 Instituto Gamaleya",108000,29490
"38","Jujuy","AstraZeneca ChAdOx1 S recombinante",150113,38499
"38","Jujuy","COVISHIELD ChAdOx1nCoV COVID 19",13965,280
"38","Jujuy","Moderna ARNm",2251,26
"38","Jujuy","Sinopharm Vacuna SARSCOV 2 inactivada",125865,47917
"38","Jujuy","Sputnik V COVID19 Instituto Gamaleya",147869,42324
"42","La Pampa","AstraZeneca ChAdOx1 S recombinante",65939,33774
"42","La Pampa","COVISHIELD ChAdOx1nCoV COVID 19",4565,0
"42","La Pampa","Moderna ARNm",2779,970
"42","La Pampa","Sinopharm Vacuna SARSCOV 2 inactivada",77519,41021
"42","La Pampa","Sputnik V COVID19 Instituto Gamaleya",72191,20351
"46","La Rioja","AstraZeneca ChAdOx1 S recombinante",71946,20793
"46","La Rioja","COVISHIELD ChAdOx1nCoV COVID 19",7203,108
"46","La Rioja","Moderna ARNm",1205,3
"46","La Rioja","Sinopharm Vacuna SARSCOV 2 inactivada",79257,33790
"46","La Rioja","Sputnik V COVID19 Instituto Gamaleya",78596,22764
"50","Mendoza","AstraZeneca ChAdOx1 S recombinante",379496,96674
"50","Mendoza","COVISHIELD ChAdOx1nCoV COVID 19",25111,410
"50","Mendoza","Moderna ARNm",1886,1001
"50","Mendoza","Sinopharm Vacuna SARSCOV 2 inactivada",290654,119489
"50","Mendoza","Sputnik V COVID19 Instituto Gamaleya",403683,102635
"54","Misiones","AstraZeneca ChAdOx1 S recombinante",184705,63817
"54","Misiones","COVISHIELD ChAdOx1nCoV COVID 19",16488,792
"54","Misiones","Moderna ARNm",3280,0
"54","Misiones","Sinopharm Vacuna SARSCOV 2 inactivada",109461,58022
"54","Misiones","Sputnik V COVID19 Instituto Gamaleya",197512,55823
"58","Neuquén","AstraZeneca ChAdOx1 S recombinante",134943,37588
"58","Neuquén","COVISHIELD ChAdOx1nCoV COVID 19",12508,60
"58","Neuquén","Moderna ARNm",882,7
"58","Neuquén","Sinopharm Vacuna SARSCOV 2 inactivada",116784,54841
"58","Neuquén","Sputnik V COVID19 Instituto Gamaleya",129964,38141
"62","Río Negro","AstraZeneca ChAdOx1 S recombinante",133035,36727
"62","Río Negro","COVISHIELD ChAdOx1nCoV COVID 19",13950,89
"62","Río Negro","Moderna ARNm",2757,1
"62","Río Negro","Sinopharm Vacuna SARSCOV 2 inactivada",161941,48657
"62","Río Negro","Sputnik V COVID19 Instituto Gamaleya",143780,41583
"66","Salta","AstraZeneca ChAdOx1 S recombinante",268835,56233
"66","Salta","COVISHIELD ChAdOx1nCoV COVID 19",17822,50
"66","Salta","Moderna ARNm",4296,0
"66","Salta","Sinopharm Vacuna SARSCOV 2 inactivada",144269,62489
"66","Salta","Sputnik V COVID19 Instituto Gamaleya",259940,70341
"70","San Juan","AstraZeneca ChAdOx1 S recombinante",138472,37593
"70","San Juan","COVISHIELD ChAdOx1nCoV COVID 19",8795,12
"70","San Juan","Moderna ARNm",3231,1
"70","San Juan","Sinopharm Vacuna SARSCOV 2 inactivada",139594,62182
"70","San Juan","Sputnik V COVID19 Instituto Gamaleya",159334,40212
"74","San Luis","AstraZeneca ChAdOx1 S recombinante",96868,45318
"74","San Luis","COVISHIELD ChAdOx1nCoV COVID 19",6826,0
"74","San Luis","Moderna ARNm",2361,0
"74","San Luis","Sinopharm Vacuna SARSCOV 2 inactivada",103189,62762
"74","San Luis","Sputnik V COVID19 Instituto Gamaleya",99330,29449
"78","Santa Cruz","AstraZeneca ChAdOx1 S recombinante",53415,18259
"78","Santa Cruz","COVISHIELD ChAdOx1nCoV COVID 19",5912,712
"78","Santa Cruz","Moderna ARNm",533,0
"78","Santa Cruz","Sinopharm Vacuna SARSCOV 2 inactivada",49324,30804
"78","Santa Cruz","Sputnik V COVID19 Instituto Gamaleya",73132,21029
"82","Santa Fe","AstraZeneca ChAdOx1 S recombinante",731318,210602
"82","Santa Fe","COVISHIELD ChAdOx1nCoV COVID 19",41220,52
"82","Santa Fe","Moderna ARNm",9328,4
"82","Santa Fe","Sinopharm Vacuna SARSCOV 2 inactivada",647705,295513
"82","Santa Fe","Sputnik V COVID19 Instituto Gamaleya",716460,191935
"86","Santiago del Estero","AstraZeneca ChAdOx1 S recombinante",192448,46551
"86","Santiago del Estero","COVISHIELD ChAdOx1nCoV COVID 19",11840,1124
"86","Santiago del Estero","Moderna ARNm",1371,0
"86","Santiago del Estero","Sinopharm Vacuna SARSCOV 2 inactivada",207534,70213
"86","Santiago del Estero","Sputnik V COVID19 Instituto Gamaleya",183156,47232
"94","Tierra del Fuego","AstraZeneca ChAdOx1 S recombinante",31639,9794
"94","Tierra del Fuego","COVISHIELD ChAdOx1nCoV COVID 19",2724,746
"94","Tierra del Fuego","Moderna ARNm",148,0
"94","Tierra del Fuego","Sinopharm Vacuna SARSCOV 2 inactivada",33799,12489
"94","Tierra del Fuego","Sputnik V COVID19 Instituto Gamaleya",34562,10465
"90","Tucumán","AstraZeneca ChAdOx1 S recombinante",286841,150504
"90","Tucumán","COVISHIELD ChAdOx1nCoV COVID 19",20538,58
"90","Tucumán","Moderna ARNm",5274,0
"90","Tucumán","Sinopharm Vacuna SARSCOV 2 inactivada",286422,101409
"90","Tucumán","Sputnik V COVID19 Instituto Gamaleya",328382,86759
