"jurisdiccion_codigo_indec","jurisdiccion_nombre","vacuna_nombre",dosis_unica_cantidad,primera_dosis_cantidad,segunda_dosis_cantidad,dosis_adicional_cantidad,dosis_refuerzo_cantidad
"06","Buenos Aires","ARVAC proteina RBD gamma omicron BA 4 5",0,0,0,0,1
"06","Buenos Aires","AstraZeneca ChAdOx1 S recombinante",0,3648672,4022693,832866,1121875
"06","Buenos Aires","COVISHIELD ChAdOx1nCoV COVID 19",0,251416,383,0,0
"06","Buenos Aires","Cansino Ad5 nCoV",90334,0,7732,1632,110495
"06","Buenos Aires","Moderna 010 mg mL",0,52541,31876,0,183277
"06","Buenos Aires","Moderna ARNm 020 mg mL",0,426932,1263918,3185,4551780
"06","Buenos Aires","Moderna Bivariante BA 4 5",298,22,16,0,600812
"06","Buenos Aires","Moderna Monovalente XBB 1 5",498,56,7,0,143
"06","Buenos Aires","Pfizer BioNTech Comirnaty",0,1374362,1452530,77612,5408370
"06","Buenos Aires","Pfizer Bivariante BA 4 5",0,2,0,0,442407
"06","Buenos Aires","Pfizer Pediátrica",0,20675,10766,141505,2079
"06","Buenos Aires","Sinopharm Vacuna SARSCOV 2 inactivada",0,5957634,5272115,1662,13079
"06","Buenos Aires","Sputnik Light",426,0,1081,0,7924
"06","Buenos Aires","Sputnik V COVID19 Instituto Gamaleya",0,4315843,2693196,6256,859743
"02","CABA","ARVAC proteina RBD gamma omicron BA 4 5",0,0,0,0,22
"02","CABA","AstraZeneca ChAdOx1 S recombinante",0,728435,763080,204528,507033
"02","CABA","COVISHIELD ChAdOx1nCoV COVID 19",0,65740,198,0,0
"02","CABA","Cansino Ad5 nCoV",29928,0,1673,44,51063
"02","CABA","Moderna 010 mg mL",0,16554,9693,0,64377
"02","CABA","Moderna ARNm 020 mg mL",0,36709,280102,1488,2065930
"02","CABA","Moderna Bivariante BA 4 5",5519,1896,3127,0,262660
"02","CABA","Moderna Monovalente XBB 1 5",11,862,598,0,2114
"02","CABA","Pfizer BioNTech Comirnaty",0,193602,220505,62863,1286642
"02","CABA","Pfizer Bivariante BA 4 5",0,9,3,0,348521
"02","CABA","Pfizer Pediátrica",0,2891,2057,1678,89478
"02","CABA","Sinopharm Vacuna SARSCOV 2 inactivada",0,1019530,968501,1664,5461
"02","CABA","Sputnik Light",175,0,234,0,78
"02","CABA","Sputnik V COVID19 Instituto Gamaleya",0,896701,627549,231,14087
"10","Catamarca","ARVAC proteina RBD gamma omicron BA 4 5",0,0,0,0,12
"10","Catamarca","AstraZeneca ChAdOx1 S recombinante",0,86678,86616,18029,59973
"10","Catamarca","COVISHIELD ChAdOx1nCoV COVID 19",0,4822,13,0,0
"10","Catamarca","Cansino Ad5 nCoV",2587,0,1050,328,48714
"10","Catamarca","Moderna 010 mg mL",0,5675,2901,0,13098
"10","Catamarca","Moderna ARNm 020 mg mL",0,7726,24274,403,141560
"10","Catamarca","Moderna Bivariante BA 4 5",219,433,355,0,19591
"10","Catamarca","Moderna Monovalente XBB 1 5",4,58,32,0,265
"10","Catamarca","Pfizer BioNTech Comirnaty",0,33600,30821,863,97362
"10","Catamarca","Pfizer Bivariante BA 4 5",0,3,5,0,23100
"10","Catamarca","Pfizer Pediátrica",0,47,91,52,15661
"10","Catamarca","Sinopharm Vacuna SARSCOV 2 inactivada",0,171542,157661,43,667
"10","Catamarca","Sputnik Light",5,0,3,0,295
"10","Catamarca","Sputnik V COVID19 Instituto Gamaleya",0,96762,73704,1649,29529
"22","Chaco","ARVAC proteina RBD gamma omicron BA 4 5",0,0,0,0,9
"22","Chaco","AstraZeneca ChAdOx1 S recombinante",0,240536,220681,29269,92686
"22","Chaco","COVISHIELD ChAdOx1nCoV COVID 19",0,15556,791,0,0
"22","Chaco","Cansino Ad5 nCoV",11410,0,823,212,21372
"22","Chaco","Moderna 010 mg mL",0,4763,2483,0,17361
"22","Chaco","Moderna ARNm 020 mg mL",0,31727,70304,1400,174154
"22","Chaco","Moderna Bivariante BA 4 5",864,685,418,0,34977
"22","Chaco","Moderna Monovalente XBB 1 5",40,24,27,0,250
"22","Chaco","Pfizer BioNTech Comirnaty",0,69539,58830,7795,163938
"22","Chaco","Pfizer Bivariante BA 4 5",0,15,40,0,33352
"22","Chaco","Pfizer Pediátrica",0,812,337,252,4204
"22","Chaco","Sinopharm Vacuna SARSCOV 2 inactivada",0,393568,314813,445,3754
"22","Chaco","Sputnik Light",51,0,82,0,589
"22","Chaco","Sputnik V COVID19 Instituto Gamaleya",0,258387,182143,4471,54838
"26","Chubut","ARVAC proteina RBD gamma omicron BA 4 5",0,0,0,0,5
"26","Chubut","AstraZeneca ChAdOx1 S recombinante",0,132925,128789,20527,45946
"26","Chubut","COVISHIELD ChAdOx1nCoV COVID 19",0,11937,662,0,0
"26","Chubut","Cansino Ad5 nCoV",3588,0,366,52,5776
"26","Chubut","Moderna 010 mg mL",0,708,516,0,3849
"26","Chubut","Moderna ARNm 020 mg mL",0,21142,34160,1220,89961
"26","Chubut","Moderna Bivariante BA 4 5",416,113,98,0,22889
"26","Chubut","Moderna Monovalente XBB 1 5",33,11,1,0,96
"26","Chubut","Pfizer BioNTech Comirnaty",0,33500,40172,4516,147049
"26","Chubut","Pfizer Bivariante BA 4 5",0,2,6,0,23126
"26","Chubut","Pfizer Pediátrica",0,483,230,28,2715
"26","Chubut","Sinopharm Vacuna SARSCOV 2 inactivada",0,173449,142392,174,1028
"26","Chubut","Sputnik Light",51,0,46,0,106
"26","Chubut","Sputnik V COVID19 Instituto Gamaleya",0,136837,100197,905,15191
"18","Corrientes","ARVAC proteina RBD gamma omicron BA 4 5",0,0,0,0,1
"18","Corrientes","AstraZeneca ChAdOx1 S recombinante",0,194332,186162,17688,161686
"18","Corrientes","COVISHIELD ChAdOx1nCoV COVID 19",0,19895,493,0,0
"18","Corrientes","Cansino Ad5 nCoV",11274,0,288,71,40840
"18","Corrientes","Moderna 010 mg mL",0,10877,4402,0,25264
"18","Corrientes","Moderna ARNm 020 mg mL",0,28290,63296,393,324173
"18","Corrientes","Moderna Bivariante BA 4 5",201,363,236,0,35937
"18","Corrientes","Moderna Monovalente XBB 1 5",10,57,44,0,178
"18","Corrientes","Pfizer BioNTech Comirnaty",0,83468,81681,1794,275267
"18","Corrientes","Pfizer Bivariante BA 4 5",0,1,6,0,35353
"18","Corrientes","Pfizer Pediátrica",0,390,261,262,42856
"18","Corrientes","Sinopharm Vacuna SARSCOV 2 inactivada",0,430290,370672,66,2559
"18","Corrientes","Sputnik Light",0,0,0,0,11
"18","Corrientes","Sputnik V COVID19 Instituto Gamaleya",0,268530,195273,16,48892
"14","Córdoba","AstraZeneca ChAdOx1 S recombinante",0,809364,825122,183917,658793
"14","Córdoba","COVISHIELD ChAdOx1nCoV COVID 19",0,44130,129,0,0
"14","Córdoba","Cansino Ad5 nCoV",38411,0,5735,33,11375
"14","Córdoba","Moderna 010 mg mL",0,8400,5070,0,59553
"14","Córdoba","Moderna ARNm 020 mg mL",0,50357,269015,37,927461
"14","Córdoba","Moderna Bivariante BA 4 5",1591,641,542,0,80519
"14","Córdoba","Moderna Monovalente XBB 1 5",103,212,128,0,684
"14","Córdoba","Pfizer BioNTech Comirnaty",0,284160,259059,16564,728120
"14","Córdoba","Pfizer Bivariante BA 4 5",0,6,0,0,72646
"14","Córdoba","Pfizer Pediátrica",0,1771,1110,179,24696
"14","Córdoba","Sinopharm Vacuna SARSCOV 2 inactivada",0,1256913,1145067,512,9218
"14","Córdoba","Sputnik Light",37,0,8,0,17
"14","Córdoba","Sputnik V COVID19 Instituto Gamaleya",0,940036,627742,4081,98751
"30","Entre Ríos","ARVAC proteina RBD gamma omicron BA 4 5",0,0,0,0,1
"30","Entre Ríos","AstraZeneca ChAdOx1 S recombinante",0,292133,287626,72089,179493
"30","Entre Ríos","COVISHIELD ChAdOx1nCoV COVID 19",0,17390,375,0,0
"30","Entre Ríos","Cansino Ad5 nCoV",14042,0,502,14,5349
"30","Entre Ríos","Moderna 010 mg mL",0,2953,1538,0,12016
"30","Entre Ríos","Moderna ARNm 020 mg mL",0,24215,86779,215,289429
"30","Entre Ríos","Moderna Bivariante BA 4 5",330,158,100,0,9765
"30","Entre Ríos","Moderna Monovalente XBB 1 5",38,16,10,0,346
"30","Entre Ríos","Pfizer BioNTech Comirnaty",0,98143,86571,7672,258455
"30","Entre Ríos","Pfizer Bivariante BA 4 5",0,6,19,0,33730
"30","Entre Ríos","Pfizer Pediátrica",0,256,139,51,14671
"30","Entre Ríos","Sinopharm Vacuna SARSCOV 2 inactivada",0,484637,431013,303,1637
"30","Entre Ríos","Sputnik Light",16,0,46,0,802
"30","Entre Ríos","Sputnik V COVID19 Instituto Gamaleya",0,325219,233710,3780,87238
"34","Formosa","AstraZeneca ChAdOx1 S recombinante",0,129565,156276,231065,77302
"34","Formosa","COVISHIELD ChAdOx1nCoV COVID 19",0,7392,8,0,0
"34","Formosa","Cansino Ad5 nCoV",7298,0,3,13,4799
"34","Formosa","Moderna 010 mg mL",0,5292,2246,0,22149
"34","Formosa","Moderna ARNm 020 mg mL",0,40761,9699,155,175178
"34","Formosa","Moderna Bivariante BA 4 5",41,1694,1577,0,49778
"34","Formosa","Moderna Monovalente XBB 1 5",0,4,6,0,26
"34","Formosa","Pfizer BioNTech Comirnaty",0,26597,56201,21470,86695
"34","Formosa","Pfizer Bivariante BA 4 5",0,492,282,0,45786
"34","Formosa","Pfizer Pediátrica",0,30,88,118,11474
"34","Formosa","Sinopharm Vacuna SARSCOV 2 inactivada",0,235954,211602,372,445
"34","Formosa","Sputnik V COVID19 Instituto Gamaleya",0,138039,89213,2986,10080
"38","Jujuy","ARVAC proteina RBD gamma omicron BA 4 5",0,0,0,0,4
"38","Jujuy","AstraZeneca ChAdOx1 S recombinante",0,165497,159616,31956,52893
"38","Jujuy","COVISHIELD ChAdOx1nCoV COVID 19",0,14040,296,0,0
"38","Jujuy","Cansino Ad5 nCoV",1730,0,1691,36,32621
"38","Jujuy","Moderna 010 mg mL",0,3330,1707,0,14111
"38","Jujuy","Moderna ARNm 020 mg mL",0,26982,43231,1542,201520
"38","Jujuy","Moderna Bivariante BA 4 5",2429,496,377,0,57727
"38","Jujuy","Moderna Monovalente XBB 1 5",99,26,56,0,446
"38","Jujuy","Pfizer BioNTech Comirnaty",0,58167,72331,14713,159827
"38","Jujuy","Pfizer Bivariante BA 4 5",0,37,68,0,48710
"38","Jujuy","Pfizer Pediátrica",0,2585,962,184,14904
"38","Jujuy","Sinopharm Vacuna SARSCOV 2 inactivada",0,279900,221123,439,1662
"38","Jujuy","Sputnik Light",31,0,157,0,1212
"38","Jujuy","Sputnik V COVID19 Instituto Gamaleya",0,154377,125536,12803,38932
"42","La Pampa","AstraZeneca ChAdOx1 S recombinante",0,69666,76784,37248,46117
"42","La Pampa","COVISHIELD ChAdOx1nCoV COVID 19",0,4602,0,0,0
"42","La Pampa","Cansino Ad5 nCoV",2908,0,0,0,3251
"42","La Pampa","Moderna 010 mg mL",0,716,369,0,3244
"42","La Pampa","Moderna ARNm 020 mg mL",0,6374,26207,0,126033
"42","La Pampa","Moderna Bivariante BA 4 5",99,59,31,0,6680
"42","La Pampa","Moderna Monovalente XBB 1 5",2,6,5,0,58
"42","La Pampa","Pfizer BioNTech Comirnaty",0,27757,27447,4685,142695
"42","La Pampa","Pfizer Bivariante BA 4 5",0,0,1,0,16324
"42","La Pampa","Pfizer Pediátrica",0,199,113,0,5916
"42","La Pampa","Sinopharm Vacuna SARSCOV 2 inactivada",0,136158,131068,0,10
"42","La Pampa","Sputnik Light",14,0,0,0,202
"42","La Pampa","Sputnik V COVID19 Instituto Gamaleya",0,89681,62256,330,20221
"46","La Rioja","ARVAC proteina RBD gamma omicron BA 4 5",0,0,0,0,53
"46","La Rioja","AstraZeneca ChAdOx1 S recombinante",0,78786,79606,21299,30547
"46","La Rioja","COVISHIELD ChAdOx1nCoV COVID 19",0,7273,126,0,0
"46","La Rioja","Cansino Ad5 nCoV",3154,0,52,0,4428
"46","La Rioja","Moderna 010 mg mL",0,1578,735,0,6585
"46","La Rioja","Moderna ARNm 020 mg mL",0,10483,27032,1892,113476
"46","La Rioja","Moderna Bivariante BA 4 5",1068,229,106,0,19874
"46","La Rioja","Moderna Monovalente XBB 1 5",3,17,8,0,160
"46","La Rioja","Pfizer BioNTech Comirnaty",0,30350,35376,10361,105014
"46","La Rioja","Pfizer Bivariante BA 4 5",0,1,4,0,18319
"46","La Rioja","Pfizer Pediátrica",0,60,52,427,5845
"46","La Rioja","Sinopharm Vacuna SARSCOV 2 inactivada",0,140938,126607,56,573
"46","La Rioja","Sputnik Light",11,0,11,0,924
"46","La Rioja","Sputnik V COVID19 Instituto Gamaleya",0,95135,70108,4327,30361
"50","Mendoza","ARVAC proteina RBD gamma omicron BA 4 5",0,0,0,0,2
"50","Mendoza","AstraZeneca ChAdOx1 S recombinante",0,442257,432700,43459,290204
"50","Mendoza","COVISHIELD ChAdOx1nCoV COVID 19",0,25683,476,0,0
"50","Mendoza","Cansino Ad5 nCoV",11544,0,1840,52,41974
"50","Mendoza","Moderna 010 mg mL",0,12217,7209,0,35398
"50","Mendoza","Moderna ARNm 020 mg mL",0,31998,146560,185,392595
"50","Mendoza","Moderna Bivariante BA 4 5",2140,999,1073,0,54170
"50","Mendoza","Moderna Monovalente XBB 1 5",268,128,65,0,407
"50","Mendoza","Pfizer BioNTech Comirnaty",0,152924,155875,6846,415886
"50","Mendoza","Pfizer Bivariante BA 4 5",0,6,42,0,114088
"50","Mendoza","Pfizer Pediátrica",0,4224,1186,54,22326
"50","Mendoza","Sinopharm Vacuna SARSCOV 2 inactivada",0,615609,529521,296,2349
"50","Mendoza","Sputnik Light",126,0,221,0,1380
"50","Mendoza","Sputnik V COVID19 Instituto Gamaleya",0,473602,301229,3161,119914
"54","Misiones","AstraZeneca ChAdOx1 S recombinante",0,228349,242327,87974,63377
"54","Misiones","COVISHIELD ChAdOx1nCoV COVID 19",0,16890,823,0,0
"54","Misiones","Cansino Ad5 nCoV",7655,0,100,49,766
"54","Misiones","Moderna 010 mg mL",0,2343,1007,0,3922
"54","Misiones","Moderna ARNm 020 mg mL",0,43342,56511,1049,48024
"54","Misiones","Moderna Bivariante BA 4 5",368,387,276,0,3497
"54","Misiones","Moderna Monovalente XBB 1 5",11,28,5,0,142
"54","Misiones","Pfizer BioNTech Comirnaty",0,62144,63972,15127,148743
"54","Misiones","Pfizer Bivariante BA 4 5",0,0,0,0,19795
"54","Misiones","Pfizer Pediátrica",0,2148,789,232,2697
"54","Misiones","Sinopharm Vacuna SARSCOV 2 inactivada",0,351270,280311,1075,5846
"54","Misiones","Sputnik Light",8,0,12,0,29
"54","Misiones","Sputnik V COVID19 Instituto Gamaleya",0,258118,175671,27760,52926
"58","Neuquén","ARVAC proteina RBD gamma omicron BA 4 5",0,0,0,0,2
"58","Neuquén","AstraZeneca ChAdOx1 S recombinante",0,142600,146625,24390,73137
"58","Neuquén","COVISHIELD ChAdOx1nCoV COVID 19",0,12841,66,0,0
"58","Neuquén","Cansino Ad5 nCoV",10684,0,2496,1,59122
"58","Neuquén","Moderna 010 mg mL",0,1871,1051,0,7290
"58","Neuquén","Moderna ARNm 020 mg mL",0,14540,45854,65,147116
"58","Neuquén","Moderna Bivariante BA 4 5",400,228,244,0,13644
"58","Neuquén","Moderna Monovalente XBB 1 5",46,14,37,0,159
"58","Neuquén","Pfizer BioNTech Comirnaty",0,51207,48053,3302,147053
"58","Neuquén","Pfizer Bivariante BA 4 5",0,9,21,0,39694
"58","Neuquén","Pfizer Pediátrica",0,396,196,26,3969
"58","Neuquén","Sinopharm Vacuna SARSCOV 2 inactivada",0,236871,212971,87,622
"58","Neuquén","Sputnik Light",103,0,124,0,324
"58","Neuquén","Sputnik V COVID19 Instituto Gamaleya",0,173061,125551,1712,56430
"62","Río Negro","ARVAC proteina RBD gamma omicron BA 4 5",0,0,0,0,6
"62","Río Negro","AstraZeneca ChAdOx1 S recombinante",0,147378,155885,38870,62901
"62","Río Negro","COVISHIELD ChAdOx1nCoV COVID 19",0,14016,95,0,0
"62","Río Negro","Cansino Ad5 nCoV",4125,0,637,42,12313
"62","Río Negro","Moderna 010 mg mL",0,1838,1101,0,9014
"62","Río Negro","Moderna ARNm 020 mg mL",0,11850,54131,6624,175168
"62","Río Negro","Moderna Bivariante BA 4 5",1804,109,104,0,25059
"62","Río Negro","Moderna Monovalente XBB 1 5",10,11,6,0,68
"62","Río Negro","Pfizer BioNTech Comirnaty",0,55734,53771,26621,161038
"62","Río Negro","Pfizer Bivariante BA 4 5",0,4,9,0,42664
"62","Río Negro","Pfizer Pediátrica",0,812,323,38,4458
"62","Río Negro","Sinopharm Vacuna SARSCOV 2 inactivada",0,277937,246195,588,1973
"62","Río Negro","Sputnik V COVID19 Instituto Gamaleya",0,177621,118017,16148,37573
"66","Salta","ARVAC proteina RBD gamma omicron BA 4 5",0,0,0,0,13
"66","Salta","AstraZeneca ChAdOx1 S recombinante",0,312310,277069,23081,25943
"66","Salta","COVISHIELD ChAdOx1nCoV COVID 19",0,18008,73,0,0
"66","Salta","Cansino Ad5 nCoV",3938,0,258,476,8527
"66","Salta","Moderna 010 mg mL",0,5943,2505,0,24403
"66","Salta","Moderna ARNm 020 mg mL",0,36799,100614,4504,307461
"66","Salta","Moderna Bivariante BA 4 5",2832,842,559,0,76619
"66","Salta","Moderna Monovalente XBB 1 5",92,25,12,0,1152
"66","Salta","Pfizer BioNTech Comirnaty",0,105177,111707,17422,294770
"66","Salta","Pfizer Bivariante BA 4 5",0,13,44,0,75701
"66","Salta","Pfizer Pediátrica",0,3307,1117,53,7436
"66","Salta","Sinopharm Vacuna SARSCOV 2 inactivada",0,419963,343817,277,1405
"66","Salta","Sputnik Light",151,0,362,0,4208
"66","Salta","Sputnik V COVID19 Instituto Gamaleya",0,300560,206708,10559,58863
"70","San Juan","ARVAC proteina RBD gamma omicron BA 4 5",0,0,0,0,3
"70","San Juan","AstraZeneca ChAdOx1 S recombinante",0,157688,165594,24463,56000
"70","San Juan","COVISHIELD ChAdOx1nCoV COVID 19",0,8867,12,0,0
"70","San Juan","Cansino Ad5 nCoV",7284,0,1226,362,32329
"70","San Juan","Moderna 010 mg mL",0,2669,1499,0,14337
"70","San Juan","Moderna ARNm 020 mg mL",0,19530,45062,665,126645
"70","San Juan","Moderna Bivariante BA 4 5",279,105,92,0,15138
"70","San Juan","Moderna Monovalente XBB 1 5",6,11,5,0,98
"70","San Juan","Pfizer BioNTech Comirnaty",0,58684,52682,7353,137709
"70","San Juan","Pfizer Bivariante BA 4 5",0,2,0,0,22927
"70","San Juan","Pfizer Pediátrica",0,590,330,2,9777
"70","San Juan","Sinopharm Vacuna SARSCOV 2 inactivada",0,264072,238528,53,445
"70","San Juan","Sputnik Light",75,0,121,0,646
"70","San Juan","Sputnik V COVID19 Instituto Gamaleya",0,197727,137158,6125,53051
"74","San Luis","AstraZeneca ChAdOx1 S recombinante",0,99368,106948,37238,55039
"74","San Luis","COVISHIELD ChAdOx1nCoV COVID 19",0,6829,0,0,0
"74","San Luis","Cansino Ad5 nCoV",6222,0,936,1,30840
"74","San Luis","Moderna 010 mg mL",0,657,282,0,5444
"74","San Luis","Moderna ARNm 020 mg mL",0,9278,32213,430,162197
"74","San Luis","Moderna Bivariante BA 4 5",202,56,41,0,8367
"74","San Luis","Moderna Monovalente XBB 1 5",10,17,9,0,79
"74","San Luis","Pfizer BioNTech Comirnaty",0,38695,37199,12270,180437
"74","San Luis","Pfizer Bivariante BA 4 5",0,2,0,0,9002
"74","San Luis","Pfizer Pediátrica",0,110,53,6,16486
"74","San Luis","Sinopharm Vacuna SARSCOV 2 inactivada",0,174588,165908,22,496
"74","San Luis","Sputnik Light",8,0,12,0,317
"74","San Luis","Sputnik V COVID19 Instituto Gamaleya",0,126859,93033,306,29922
"78","Santa Cruz","AstraZeneca ChAdOx1 S recombinante",0,65270,65147,8993,31160
"78","Santa Cruz","COVISHIELD ChAdOx1nCoV COVID 19",0,6019,730,0,0
"78","Santa Cruz","Cansino Ad5 nCoV",2351,0,91,1,2674
"78","Santa Cruz","Moderna 010 mg mL",0,876,406,0,2195
"78","Santa Cruz","Moderna ARNm 020 mg mL",0,9724,20456,121,66998
"78","Santa Cruz","Moderna Bivariante BA 4 5",70,58,67,0,10694
"78","Santa Cruz","Moderna Monovalente XBB 1 5",5,3,3,0,36
"78","Santa Cruz","Pfizer BioNTech Comirnaty",0,24270,26057,7683,70256
"78","Santa Cruz","Pfizer Bivariante BA 4 5",0,3,6,0,15475
"78","Santa Cruz","Pfizer Pediátrica",0,115,71,12,3253
"78","Santa Cruz","Sinopharm Vacuna SARSCOV 2 inactivada",0,106343,94076,80,655
"78","Santa Cruz","Sputnik Light",24,0,48,0,517
"78","Santa Cruz","Sputnik V COVID19 Instituto Gamaleya",0,91655,68992,3135,23734
"82","Santa Fe","AstraZeneca ChAdOx1 S recombinante",0,761911,775066,248699,288642
"82","Santa Fe","COVISHIELD ChAdOx1nCoV COVID 19",0,41487,58,0,0
"82","Santa Fe","Cansino Ad5 nCoV",26592,0,182,29,2116
"82","Santa Fe","Moderna 010 mg mL",0,13342,7175,0,43252
"82","Santa Fe","Moderna ARNm 020 mg mL",0,47538,258660,14225,1464450
"82","Santa Fe","Moderna Bivariante BA 4 5",1877,1426,1016,0,105882
"82","Santa Fe","Moderna Monovalente XBB 1 5",5,148,125,0,1130
"82","Santa Fe","Pfizer BioNTech Comirnaty",0,269601,262793,133659,1028173
"82","Santa Fe","Pfizer Bivariante BA 4 5",0,9,0,0,96346
"82","Santa Fe","Pfizer Pediátrica",0,529,279,1239,23924
"82","Santa Fe","Sinopharm Vacuna SARSCOV 2 inactivada",0,1183537,1105471,649,3354
"82","Santa Fe","Sputnik Light",159,0,323,0,2812
"82","Santa Fe","Sputnik V COVID19 Instituto Gamaleya",0,921873,648489,7664,123465
"86","Santiago del Estero","ARVAC proteina RBD gamma omicron BA 4 5",0,0,0,0,1
"86","Santiago del Estero","AstraZeneca ChAdOx1 S recombinante",0,212202,211931,49262,120884
"86","Santiago del Estero","COVISHIELD ChAdOx1nCoV COVID 19",0,11969,1317,0,0
"86","Santiago del Estero","Cansino Ad5 nCoV",17419,0,977,5207,75595
"86","Santiago del Estero","Moderna 010 mg mL",0,4167,1677,0,16168
"86","Santiago del Estero","Moderna ARNm 020 mg mL",0,11692,72834,1596,219718
"86","Santiago del Estero","Moderna Bivariante BA 4 5",61,178,135,0,8394
"86","Santiago del Estero","Moderna Monovalente XBB 1 5",4,2,7,0,70
"86","Santiago del Estero","Pfizer BioNTech Comirnaty",0,97129,91303,3753,131461
"86","Santiago del Estero","Pfizer Bivariante BA 4 5",0,5,28,0,20207
"86","Santiago del Estero","Pfizer Pediátrica",0,94,81,39,18356
"86","Santiago del Estero","Sinopharm Vacuna SARSCOV 2 inactivada",1,399328,371157,316,1539
"86","Santiago del Estero","Sputnik Light",3,0,5,0,90
"86","Santiago del Estero","Sputnik V COVID19 Instituto Gamaleya",0,229311,157062,14756,61803
"94","Tierra del Fuego","AstraZeneca ChAdOx1 S recombinante",0,35152,35555,6892,21447
"94","Tierra del Fuego","COVISHIELD ChAdOx1nCoV COVID 19",0,2740,759,0,0
"94","Tierra del Fuego","Cansino Ad5 nCoV",349,0,126,17,3140
"94","Tierra del Fuego","Moderna 010 mg mL",0,471,224,0,1174
"94","Tierra del Fuego","Moderna ARNm 020 mg mL",0,2415,12895,210,42893
"94","Tierra del Fuego","Moderna Bivariante BA 4 5",383,34,36,0,8477
"94","Tierra del Fuego","Moderna Monovalente XBB 1 5",18,1,2,0,38
"94","Tierra del Fuego","Pfizer BioNTech Comirnaty",0,14517,13716,944,33860
"94","Tierra del Fuego","Pfizer Bivariante BA 4 5",0,8,2,0,10178
"94","Tierra del Fuego","Pfizer Pediátrica",0,123,54,10,3308
"94","Tierra del Fuego","Sinopharm Vacuna SARSCOV 2 inactivada",0,58532,53908,24,212
"94","Tierra del Fuego","Sputnik Light",9,0,12,0,6
"94","Tierra del Fuego","Sputnik V COVID19 Instituto Gamaleya",0,44858,30848,539,7489
"90","Tucumán","AstraZeneca ChAdOx1 S recombinante",0,354595,333679,43753,193878
"90","Tucumán","COVISHIELD ChAdOx1nCoV COVID 19",0,20765,93,0,0
"90","Tucumán","Cansino Ad5 nCoV",7904,0,71,1410,18690
"90","Tucumán","Moderna 010 mg mL",0,2081,929,0,9662
"90","Tucumán","Moderna ARNm 020 mg mL",0,34826,109785,21452,327793
"90","Tucumán","Moderna Bivariante BA 4 5",0,417,493,0,30409
"90","Tucumán","Moderna Monovalente XBB 1 5",2,14,19,0,79
"90","Tucumán","Pfizer BioNTech Comirnaty",0,119863,103672,246,203962
"90","Tucumán","Pfizer Bivariante BA 4 5",0,39,81,0,81065
"90","Tucumán","Pfizer Pediátrica",0,2222,561,2694,37034
"90","Tucumán","Sinopharm Vacuna SARSCOV 2 inactivada",0,545156,486722,3,960
"90","Tucumán","Sputnik Light",87,0,135,0,5717
"90","Tucumán","Sputnik V COVID19 Instituto Gamaleya",0,435049,326338,4078,79301
