"jurisdiccion_codigo_indec","jurisdiccion_nombre","vacuna_nombre",dosis_unica_cantidad,primera_dosis_cantidad,segunda_dosis_cantidad,dosis_adicional_cantidad,dosis_refuerzo_cantidad
"06","Buenos Aires","AstraZeneca ChAdOx1 S recombinante",0,3648667,4022690,832866,1121871
"06","Buenos Aires","COVISHIELD ChAdOx1nCoV COVID 19",0,251418,383,0,0
"06","Buenos Aires","Cansino Ad5 nCoV",90334,0,7732,1632,110492
"06","Buenos Aires","Moderna 010 mg mL",0,52518,31856,0,183243
"06","Buenos Aires","Moderna ARNm 020 mg mL",0,426923,1263911,3185,4551710
"06","Buenos Aires","Moderna Bivariante BA 4 5",281,18,13,0,495050
"06","Buenos Aires","Pfizer BioNTech Comirnaty",0,1374336,1452495,77612,5408249
"06","Buenos Aires","Pfizer Bivariante BA 4 5",0,0,0,0,246825
"06","Buenos Aires","Pfizer Pediátrica",0,20672,10764,141456,2076
"06","Buenos Aires","Sinopharm Vacuna SARSCOV 2 inactivada",0,5957510,5272042,1662,13063
"06","Buenos Aires","Sputnik Light",426,0,1080,0,7924
"06","Buenos Aires","Sputnik V COVID19 Instituto Gamaleya",0,4315842,2693194,6256,859743
"02","CABA","AstraZeneca ChAdOx1 S recombinante",0,728405,763054,204533,506993
"02","CABA","COVISHIELD ChAdOx1nCoV COVID 19",0,65740,198,0,0
"02","CABA","Cansino Ad5 nCoV",29925,0,1673,44,51056
"02","CABA","Moderna 010 mg mL",0,16551,9688,0,64370
"02","CABA","Moderna ARNm 020 mg mL",0,36690,280082,1488,2065691
"02","CABA","Moderna Bivariante BA 4 5",4515,1675,2502,0,223244
"02","CABA","Pfizer BioNTech Comirnaty",0,193601,220498,62864,1286567
"02","CABA","Pfizer Bivariante BA 4 5",0,0,2,0,230886
"02","CABA","Pfizer Pediátrica",0,2891,2057,1678,89476
"02","CABA","Sinopharm Vacuna SARSCOV 2 inactivada",0,1019521,968485,1664,5460
"02","CABA","Sputnik Light",174,0,233,0,78
"02","CABA","Sputnik V COVID19 Instituto Gamaleya",0,896684,627510,231,14085
"10","Catamarca","AstraZeneca ChAdOx1 S recombinante",0,86676,86611,18029,59966
"10","Catamarca","COVISHIELD ChAdOx1nCoV COVID 19",0,4822,13,0,0
"10","Catamarca","Cansino Ad5 nCoV",2587,0,1050,328,48703
"10","Catamarca","Moderna 010 mg mL",0,5673,2901,0,13083
"10","Catamarca","Moderna ARNm 020 mg mL",0,7725,24272,403,141528
"10","Catamarca","Moderna Bivariante BA 4 5",173,366,298,0,16430
"10","Catamarca","Pfizer BioNTech Comirnaty",0,33597,30819,863,97350
"10","Catamarca","Pfizer Bivariante BA 4 5",0,1,5,0,15459
"10","Catamarca","Pfizer Pediátrica",0,47,91,52,15654
"10","Catamarca","Sinopharm Vacuna SARSCOV 2 inactivada",0,171536,157651,43,667
"10","Catamarca","Sputnik Light",5,0,3,0,294
"10","Catamarca","Sputnik V COVID19 Instituto Gamaleya",0,96760,73699,1649,29530
"22","Chaco","AstraZeneca ChAdOx1 S recombinante",0,240532,220669,29269,92674
"22","Chaco","COVISHIELD ChAdOx1nCoV COVID 19",0,15556,791,0,0
"22","Chaco","Cansino Ad5 nCoV",11410,0,823,212,21369
"22","Chaco","Moderna 010 mg mL",0,4759,2477,0,17333
"22","Chaco","Moderna ARNm 020 mg mL",0,31723,70299,1400,174130
"22","Chaco","Moderna Bivariante BA 4 5",731,547,296,0,30604
"22","Chaco","Pfizer BioNTech Comirnaty",0,69532,58822,7795,163919
"22","Chaco","Pfizer Bivariante BA 4 5",0,6,25,0,17940
"22","Chaco","Pfizer Pediátrica",0,811,336,252,4203
"22","Chaco","Sinopharm Vacuna SARSCOV 2 inactivada",0,393544,314774,445,3752
"22","Chaco","Sputnik Light",51,0,82,0,589
"22","Chaco","Sputnik V COVID19 Instituto Gamaleya",0,258379,182128,4471,54835
"26","Chubut","AstraZeneca ChAdOx1 S recombinante",0,132924,128788,20527,45938
"26","Chubut","COVISHIELD ChAdOx1nCoV COVID 19",0,11936,662,0,0
"26","Chubut","Cansino Ad5 nCoV",3587,0,366,52,5776
"26","Chubut","Moderna 010 mg mL",0,707,516,0,3845
"26","Chubut","Moderna ARNm 020 mg mL",0,21141,34159,1220,89959
"26","Chubut","Moderna Bivariante BA 4 5",324,96,79,0,19872
"26","Chubut","Pfizer BioNTech Comirnaty",0,33499,40170,4516,147019
"26","Chubut","Pfizer Bivariante BA 4 5",0,1,4,0,11492
"26","Chubut","Pfizer Pediátrica",0,483,230,28,2714
"26","Chubut","Sinopharm Vacuna SARSCOV 2 inactivada",0,173447,142389,174,1028
"26","Chubut","Sputnik Light",51,0,46,0,106
"26","Chubut","Sputnik V COVID19 Instituto Gamaleya",0,136836,100196,905,15191
"18","Corrientes","AstraZeneca ChAdOx1 S recombinante",0,194331,186159,17688,161684
"18","Corrientes","COVISHIELD ChAdOx1nCoV COVID 19",0,19895,493,0,0
"18","Corrientes","Cansino Ad5 nCoV",11274,0,288,71,40838
"18","Corrientes","Moderna 010 mg mL",0,10877,4402,0,25261
"18","Corrientes","Moderna ARNm 020 mg mL",0,28290,63295,393,324164
"18","Corrientes","Moderna Bivariante BA 4 5",137,291,171,0,32828
"18","Corrientes","Pfizer BioNTech Comirnaty",0,83467,81678,1794,275264
"18","Corrientes","Pfizer Bivariante BA 4 5",0,1,3,0,25237
"18","Corrientes","Pfizer Pediátrica",0,390,261,262,42855
"18","Corrientes","Sinopharm Vacuna SARSCOV 2 inactivada",0,430284,370663,66,2559
"18","Corrientes","Sputnik Light",0,0,0,0,11
"18","Corrientes","Sputnik V COVID19 Instituto Gamaleya",0,268529,195273,16,48890
"14","Córdoba","AstraZeneca ChAdOx1 S recombinante",0,809359,825111,183917,658780
"14","Córdoba","COVISHIELD ChAdOx1nCoV COVID 19",0,44130,129,0,0
"14","Córdoba","Cansino Ad5 nCoV",38411,0,5735,33,11375
"14","Córdoba","Moderna 010 mg mL",0,8396,5064,0,59475
"14","Córdoba","Moderna ARNm 020 mg mL",0,50358,269014,37,927456
"14","Córdoba","Moderna Bivariante BA 4 5",1176,409,363,0,62660
"14","Córdoba","Pfizer BioNTech Comirnaty",0,284157,259058,16564,728093
"14","Córdoba","Pfizer Bivariante BA 4 5",0,0,0,0,52375
"14","Córdoba","Pfizer Pediátrica",0,1771,1109,179,24683
"14","Córdoba","Sinopharm Vacuna SARSCOV 2 inactivada",0,1256904,1145057,512,9217
"14","Córdoba","Sputnik Light",37,0,8,0,17
"14","Córdoba","Sputnik V COVID19 Instituto Gamaleya",0,940037,627739,4081,98750
"30","Entre Ríos","AstraZeneca ChAdOx1 S recombinante",0,292131,287617,72089,179481
"30","Entre Ríos","COVISHIELD ChAdOx1nCoV COVID 19",0,17390,375,0,0
"30","Entre Ríos","Cansino Ad5 nCoV",14042,0,502,14,5349
"30","Entre Ríos","Moderna 010 mg mL",0,2950,1535,0,12013
"30","Entre Ríos","Moderna ARNm 020 mg mL",0,24213,86772,215,289412
"30","Entre Ríos","Moderna Bivariante BA 4 5",226,105,74,0,6977
"30","Entre Ríos","Pfizer BioNTech Comirnaty",0,98136,86560,7672,258432
"30","Entre Ríos","Pfizer Bivariante BA 4 5",0,4,9,0,24114
"30","Entre Ríos","Pfizer Pediátrica",0,256,139,51,14671
"30","Entre Ríos","Sinopharm Vacuna SARSCOV 2 inactivada",0,484625,430997,303,1635
"30","Entre Ríos","Sputnik Light",16,0,46,0,802
"30","Entre Ríos","Sputnik V COVID19 Instituto Gamaleya",0,325214,233697,3780,87236
"34","Formosa","AstraZeneca ChAdOx1 S recombinante",0,129565,156273,231065,77293
"34","Formosa","COVISHIELD ChAdOx1nCoV COVID 19",0,7392,8,0,0
"34","Formosa","Cansino Ad5 nCoV",7299,0,3,13,4799
"34","Formosa","Moderna 010 mg mL",0,5290,2246,0,22147
"34","Formosa","Moderna ARNm 020 mg mL",0,40762,9698,155,175174
"34","Formosa","Moderna Bivariante BA 4 5",30,1316,1250,0,42437
"34","Formosa","Pfizer BioNTech Comirnaty",0,26595,56199,21470,86689
"34","Formosa","Pfizer Bivariante BA 4 5",0,1,0,0,27361
"34","Formosa","Pfizer Pediátrica",0,30,88,118,11474
"34","Formosa","Sinopharm Vacuna SARSCOV 2 inactivada",0,235945,211595,372,445
"34","Formosa","Sputnik V COVID19 Instituto Gamaleya",0,138037,89212,2986,10079
"38","Jujuy","AstraZeneca ChAdOx1 S recombinante",0,165496,159601,31956,52886
"38","Jujuy","COVISHIELD ChAdOx1nCoV COVID 19",0,14040,296,0,0
"38","Jujuy","Cansino Ad5 nCoV",1729,0,1692,36,32613
"38","Jujuy","Moderna 010 mg mL",0,3329,1706,0,14105
"38","Jujuy","Moderna ARNm 020 mg mL",0,26973,43222,1542,201496
"38","Jujuy","Moderna Bivariante BA 4 5",1898,411,296,0,49959
"38","Jujuy","Pfizer BioNTech Comirnaty",0,58160,72323,14713,159809
"38","Jujuy","Pfizer Bivariante BA 4 5",0,9,20,0,31422
"38","Jujuy","Pfizer Pediátrica",0,2585,962,184,14903
"38","Jujuy","Sinopharm Vacuna SARSCOV 2 inactivada",0,279872,221095,439,1661
"38","Jujuy","Sputnik Light",31,0,157,0,1212
"38","Jujuy","Sputnik V COVID19 Instituto Gamaleya",0,154375,125534,12803,38929
"42","La Pampa","AstraZeneca ChAdOx1 S recombinante",0,69665,76783,37248,46117
"42","La Pampa","COVISHIELD ChAdOx1nCoV COVID 19",0,4602,0,0,0
"42","La Pampa","Cansino Ad5 nCoV",2908,0,0,0,3251
"42","La Pampa","Moderna 010 mg mL",0,714,369,0,3237
"42","La Pampa","Moderna ARNm 020 mg mL",0,6374,26207,0,126033
"42","La Pampa","Moderna Bivariante BA 4 5",28,41,22,0,5076
"42","La Pampa","Pfizer BioNTech Comirnaty",0,27757,27447,4685,142694
"42","La Pampa","Pfizer Bivariante BA 4 5",0,0,1,0,11549
"42","La Pampa","Pfizer Pediátrica",0,199,113,0,5916
"42","La Pampa","Sinopharm Vacuna SARSCOV 2 inactivada",0,136156,131067,0,10
"42","La Pampa","Sputnik Light",14,0,0,0,202
"42","La Pampa","Sputnik V COVID19 Instituto Gamaleya",0,89681,62256,330,20220
"46","La Rioja","AstraZeneca ChAdOx1 S recombinante",0,78785,79606,21299,30545
"46","La Rioja","COVISHIELD ChAdOx1nCoV COVID 19",0,7273,126,0,0
"46","La Rioja","Cansino Ad5 nCoV",3153,0,52,0,4428
"46","La Rioja","Moderna 010 mg mL",0,1578,735,0,6591
"46","La Rioja","Moderna ARNm 020 mg mL",0,10483,27032,1892,113474
"46","La Rioja","Moderna Bivariante BA 4 5",717,159,81,0,15174
"46","La Rioja","Pfizer BioNTech Comirnaty",0,30350,35373,10361,105006
"46","La Rioja","Pfizer Bivariante BA 4 5",0,1,3,0,8585
"46","La Rioja","Pfizer Pediátrica",0,60,52,427,5845
"46","La Rioja","Sinopharm Vacuna SARSCOV 2 inactivada",0,140935,126603,56,573
"46","La Rioja","Sputnik Light",11,0,10,0,924
"46","La Rioja","Sputnik V COVID19 Instituto Gamaleya",0,95135,70108,4327,30360
"50","Mendoza","AstraZeneca ChAdOx1 S recombinante",0,442253,432694,43462,290196
"50","Mendoza","COVISHIELD ChAdOx1nCoV COVID 19",0,25683,476,0,0
"50","Mendoza","Cansino Ad5 nCoV",11543,0,1840,52,41975
"50","Mendoza","Moderna 010 mg mL",0,12211,7204,0,35393
"50","Mendoza","Moderna ARNm 020 mg mL",0,31996,146560,185,392591
"50","Mendoza","Moderna Bivariante BA 4 5",1793,788,853,0,45252
"50","Mendoza","Pfizer BioNTech Comirnaty",0,152918,155870,6846,415879
"50","Mendoza","Pfizer Bivariante BA 4 5",0,6,39,0,68460
"50","Mendoza","Pfizer Pediátrica",0,4224,1186,54,22326
"50","Mendoza","Sinopharm Vacuna SARSCOV 2 inactivada",0,615609,529522,296,2349
"50","Mendoza","Sputnik Light",126,0,221,0,1380
"50","Mendoza","Sputnik V COVID19 Instituto Gamaleya",0,473601,301227,3161,119914
"54","Misiones","AstraZeneca ChAdOx1 S recombinante",0,228331,242313,87975,63365
"54","Misiones","COVISHIELD ChAdOx1nCoV COVID 19",0,16888,823,0,0
"54","Misiones","Cansino Ad5 nCoV",7646,0,100,49,765
"54","Misiones","Moderna 010 mg mL",0,2341,1006,0,3919
"54","Misiones","Moderna ARNm 020 mg mL",0,43337,56507,1049,48015
"54","Misiones","Moderna Bivariante BA 4 5",321,363,252,0,3157
"54","Misiones","Pfizer BioNTech Comirnaty",0,62139,63967,15127,148704
"54","Misiones","Pfizer Bivariante BA 4 5",0,0,0,0,15193
"54","Misiones","Pfizer Pediátrica",0,2146,788,232,2696
"54","Misiones","Sinopharm Vacuna SARSCOV 2 inactivada",0,351250,280280,1075,5841
"54","Misiones","Sputnik Light",8,0,12,0,29
"54","Misiones","Sputnik V COVID19 Instituto Gamaleya",0,258112,175659,27760,52921
"58","Neuquén","AstraZeneca ChAdOx1 S recombinante",0,142586,146583,24390,73084
"58","Neuquén","COVISHIELD ChAdOx1nCoV COVID 19",0,12840,66,0,0
"58","Neuquén","Cansino Ad5 nCoV",10672,0,2490,1,58926
"58","Neuquén","Moderna 010 mg mL",0,1864,1042,0,7223
"58","Neuquén","Moderna ARNm 020 mg mL",0,14537,45846,65,146929
"58","Neuquén","Moderna Bivariante BA 4 5",291,186,217,0,10465
"58","Neuquén","Pfizer BioNTech Comirnaty",0,51197,48029,3302,146672
"58","Neuquén","Pfizer Bivariante BA 4 5",0,6,16,0,22513
"58","Neuquén","Pfizer Pediátrica",0,396,196,26,3968
"58","Neuquén","Sinopharm Vacuna SARSCOV 2 inactivada",0,236838,212914,87,619
"58","Neuquén","Sputnik Light",101,0,124,0,318
"58","Neuquén","Sputnik V COVID19 Instituto Gamaleya",0,173051,125539,1712,56400
"62","Río Negro","AstraZeneca ChAdOx1 S recombinante",0,147378,155886,38870,62896
"62","Río Negro","COVISHIELD ChAdOx1nCoV COVID 19",0,14016,95,0,0
"62","Río Negro","Cansino Ad5 nCoV",4126,0,637,42,12313
"62","Río Negro","Moderna 010 mg mL",0,1838,1101,0,9014
"62","Río Negro","Moderna ARNm 020 mg mL",0,11850,54130,6624,175161
"62","Río Negro","Moderna Bivariante BA 4 5",1444,73,82,0,21421
"62","Río Negro","Pfizer BioNTech Comirnaty",0,55730,53769,26622,161031
"62","Río Negro","Pfizer Bivariante BA 4 5",0,0,4,0,26813
"62","Río Negro","Pfizer Pediátrica",0,812,323,38,4456
"62","Río Negro","Sinopharm Vacuna SARSCOV 2 inactivada",0,277934,246192,588,1973
"62","Río Negro","Sputnik V COVID19 Instituto Gamaleya",0,177621,118015,16148,37571
"66","Salta","AstraZeneca ChAdOx1 S recombinante",0,312293,277041,23081,25936
"66","Salta","COVISHIELD ChAdOx1nCoV COVID 19",0,18005,73,0,0
"66","Salta","Cansino Ad5 nCoV",3937,0,258,476,8526
"66","Salta","Moderna 010 mg mL",0,5940,2502,0,24395
"66","Salta","Moderna ARNm 020 mg mL",0,36793,100601,4504,307437
"66","Salta","Moderna Bivariante BA 4 5",2095,656,440,0,63955
"66","Salta","Pfizer BioNTech Comirnaty",0,105170,111685,17422,294727
"66","Salta","Pfizer Bivariante BA 4 5",0,7,40,0,52771
"66","Salta","Pfizer Pediátrica",0,3307,1117,53,7436
"66","Salta","Sinopharm Vacuna SARSCOV 2 inactivada",0,419905,343735,277,1403
"66","Salta","Sputnik Light",151,0,362,0,4206
"66","Salta","Sputnik V COVID19 Instituto Gamaleya",0,300555,206694,10559,58854
"70","San Juan","AstraZeneca ChAdOx1 S recombinante",0,157687,165593,24464,55999
"70","San Juan","COVISHIELD ChAdOx1nCoV COVID 19",0,8867,12,0,0
"70","San Juan","Cansino Ad5 nCoV",7284,0,1226,362,32325
"70","San Juan","Moderna 010 mg mL",0,2669,1499,0,14337
"70","San Juan","Moderna ARNm 020 mg mL",0,19531,45062,665,126640
"70","San Juan","Moderna Bivariante BA 4 5",225,86,79,0,13212
"70","San Juan","Pfizer BioNTech Comirnaty",0,58686,52683,7353,137701
"70","San Juan","Pfizer Bivariante BA 4 5",0,2,0,0,15308
"70","San Juan","Pfizer Pediátrica",0,590,330,2,9777
"70","San Juan","Sinopharm Vacuna SARSCOV 2 inactivada",0,264072,238525,53,445
"70","San Juan","Sputnik Light",75,0,121,0,646
"70","San Juan","Sputnik V COVID19 Instituto Gamaleya",0,197728,137157,6125,53050
"74","San Luis","AstraZeneca ChAdOx1 S recombinante",0,99369,106949,37238,55039
"74","San Luis","COVISHIELD ChAdOx1nCoV COVID 19",0,6829,0,0,0
"74","San Luis","Cansino Ad5 nCoV",6222,0,936,1,30840
"74","San Luis","Moderna 010 mg mL",0,656,282,0,5444
"74","San Luis","Moderna ARNm 020 mg mL",0,9278,32213,430,162190
"74","San Luis","Moderna Bivariante BA 4 5",168,50,37,0,7647
"74","San Luis","Pfizer BioNTech Comirnaty",0,38696,37199,12270,180436
"74","San Luis","Pfizer Bivariante BA 4 5",0,2,0,0,4160
"74","San Luis","Pfizer Pediátrica",0,110,53,6,16485
"74","San Luis","Sinopharm Vacuna SARSCOV 2 inactivada",0,174585,165905,22,496
"74","San Luis","Sputnik Light",8,0,12,0,317
"74","San Luis","Sputnik V COVID19 Instituto Gamaleya",0,126859,93033,306,29920
"78","Santa Cruz","AstraZeneca ChAdOx1 S recombinante",0,65269,65142,8993,31152
"78","Santa Cruz","COVISHIELD ChAdOx1nCoV COVID 19",0,6019,730,0,0
"78","Santa Cruz","Cansino Ad5 nCoV",2351,0,90,1,2674
"78","Santa Cruz","Moderna 010 mg mL",0,876,406,0,2191
"78","Santa Cruz","Moderna ARNm 020 mg mL",0,9724,20455,121,66986
"78","Santa Cruz","Moderna Bivariante BA 4 5",60,52,50,0,9288
"78","Santa Cruz","Pfizer BioNTech Comirnaty",0,24269,26056,7683,70248
"78","Santa Cruz","Pfizer Bivariante BA 4 5",0,1,5,0,10399
"78","Santa Cruz","Pfizer Pediátrica",0,115,71,12,3253
"78","Santa Cruz","Sinopharm Vacuna SARSCOV 2 inactivada",0,106337,94071,80,655
"78","Santa Cruz","Sputnik Light",24,0,48,0,517
"78","Santa Cruz","Sputnik V COVID19 Instituto Gamaleya",0,91654,68990,3135,23733
"82","Santa Fe","AstraZeneca ChAdOx1 S recombinante",0,761874,775014,248699,288006
"82","Santa Fe","COVISHIELD ChAdOx1nCoV COVID 19",0,41486,58,0,0
"82","Santa Fe","Cansino Ad5 nCoV",26556,0,179,29,2109
"82","Santa Fe","Moderna 010 mg mL",0,13295,7131,0,42929
"82","Santa Fe","Moderna ARNm 020 mg mL",0,47440,258496,14225,1457090
"82","Santa Fe","Moderna Bivariante BA 4 5",1536,1123,832,0,91801
"82","Santa Fe","Pfizer BioNTech Comirnaty",0,269395,262533,133659,1024138
"82","Santa Fe","Pfizer Bivariante BA 4 5",0,0,0,0,60559
"82","Santa Fe","Pfizer Pediátrica",0,528,278,1225,23770
"82","Santa Fe","Sinopharm Vacuna SARSCOV 2 inactivada",0,1182912,1104746,649,3338
"82","Santa Fe","Sputnik Light",155,0,319,0,2783
"82","Santa Fe","Sputnik V COVID19 Instituto Gamaleya",0,921745,648269,7664,122971
"86","Santiago del Estero","AstraZeneca ChAdOx1 S recombinante",0,212195,211916,49262,120832
"86","Santiago del Estero","COVISHIELD ChAdOx1nCoV COVID 19",0,11969,1317,0,0
"86","Santiago del Estero","Cansino Ad5 nCoV",17418,0,976,5207,75538
"86","Santiago del Estero","Moderna 010 mg mL",0,4164,1675,0,16103
"86","Santiago del Estero","Moderna ARNm 020 mg mL",0,11692,72834,1596,219587
"86","Santiago del Estero","Moderna Bivariante BA 4 5",17,134,94,0,6926
"86","Santiago del Estero","Pfizer BioNTech Comirnaty",0,97095,91149,3753,131450
"86","Santiago del Estero","Pfizer Bivariante BA 4 5",0,3,27,0,15580
"86","Santiago del Estero","Pfizer Pediátrica",0,94,81,39,18356
"86","Santiago del Estero","Sinopharm Vacuna SARSCOV 2 inactivada",1,399207,371022,316,1539
"86","Santiago del Estero","Sputnik Light",3,0,5,0,90
"86","Santiago del Estero","Sputnik V COVID19 Instituto Gamaleya",0,229235,157057,14756,61802
"94","Tierra del Fuego","AstraZeneca ChAdOx1 S recombinante",0,35152,35555,6892,21445
"94","Tierra del Fuego","COVISHIELD ChAdOx1nCoV COVID 19",0,2740,759,0,0
"94","Tierra del Fuego","Cansino Ad5 nCoV",349,0,126,17,3140
"94","Tierra del Fuego","Moderna 010 mg mL",0,471,224,0,1172
"94","Tierra del Fuego","Moderna ARNm 020 mg mL",0,2415,12895,210,42887
"94","Tierra del Fuego","Moderna Bivariante BA 4 5",337,28,30,0,7827
"94","Tierra del Fuego","Pfizer BioNTech Comirnaty",0,14517,13716,944,33859
"94","Tierra del Fuego","Pfizer Bivariante BA 4 5",0,7,2,0,6024
"94","Tierra del Fuego","Pfizer Pediátrica",0,123,54,10,3307
"94","Tierra del Fuego","Sinopharm Vacuna SARSCOV 2 inactivada",0,58534,53907,24,212
"94","Tierra del Fuego","Sputnik Light",9,0,12,0,6
"94","Tierra del Fuego","Sputnik V COVID19 Instituto Gamaleya",0,44858,30848,539,7488
"90","Tucumán","AstraZeneca ChAdOx1 S recombinante",0,352997,331992,43753,191007
"90","Tucumán","COVISHIELD ChAdOx1nCoV COVID 19",0,20665,90,0,0
"90","Tucumán","Cansino Ad5 nCoV",7721,0,68,1410,18502
"90","Tucumán","Moderna 010 mg mL",0,2046,924,0,9647
"90","Tucumán","Moderna ARNm 020 mg mL",0,34700,109372,21452,326002
"90","Tucumán","Moderna Bivariante BA 4 5",0,256,361,0,24731
"90","Tucumán","Pfizer BioNTech Comirnaty",0,118796,102591,246,189270
"90","Tucumán","Pfizer Bivariante BA 4 5",0,11,25,0,62188
"90","Tucumán","Pfizer Pediátrica",0,2181,557,2652,36506
"90","Tucumán","Sinopharm Vacuna SARSCOV 2 inactivada",0,539074,477365,3,943
"90","Tucumán","Sputnik Light",87,0,134,0,5689
"90","Tucumán","Sputnik V COVID19 Instituto Gamaleya",0,431465,325133,4078,78503
