"jurisdiccion_codigo_indec","jurisdiccion_nombre","vacuna_nombre",dosis_unica_cantidad,primera_dosis_cantidad,segunda_dosis_cantidad,dosis_adicional_cantidad,dosis_refuerzo_cantidad
"06","Buenos Aires","AstraZeneca ChAdOx1 S recombinante",0,3648655,4022679,832866,1121862
"06","Buenos Aires","COVISHIELD ChAdOx1nCoV COVID 19",0,251417,383,0,0
"06","Buenos Aires","Cansino Ad5 nCoV",90330,0,7732,1632,110491
"06","Buenos Aires","Moderna 010 mg mL",0,50539,29298,0,166617
"06","Buenos Aires","Moderna ARNm 020 mg mL",0,426901,1263865,3185,4549665
"06","Buenos Aires","Moderna Bivariante BA 4 5",0,0,0,0,76797
"06","Buenos Aires","Pfizer BioNTech Comirnaty",0,1374242,1452350,77612,5407152
"06","Buenos Aires","Pfizer Bivariante BA 4 5",0,0,0,0,228296
"06","Buenos Aires","Pfizer Pediátrica",0,20645,10739,141163,2060
"06","Buenos Aires","Sinopharm Vacuna SARSCOV 2 inactivada",0,5957143,5271316,1662,12664
"06","Buenos Aires","Sputnik Light",392,0,997,0,7328
"06","Buenos Aires","Sputnik V COVID19 Instituto Gamaleya",0,4315836,2693182,6256,859739
"02","CABA","AstraZeneca ChAdOx1 S recombinante",0,728399,763041,204550,506940
"02","CABA","COVISHIELD ChAdOx1nCoV COVID 19",0,65729,197,0,0
"02","CABA","Cansino Ad5 nCoV",29924,0,1673,44,51053
"02","CABA","Moderna 010 mg mL",0,15845,9007,0,61686
"02","CABA","Moderna ARNm 020 mg mL",0,36678,280048,1489,2064408
"02","CABA","Moderna Bivariante BA 4 5",0,0,1,0,3028
"02","CABA","Pfizer BioNTech Comirnaty",0,193590,220458,62872,1286171
"02","CABA","Pfizer Bivariante BA 4 5",0,0,2,0,183420
"02","CABA","Pfizer Pediátrica",0,2890,2055,1677,89339
"02","CABA","Sinopharm Vacuna SARSCOV 2 inactivada",0,1019448,968325,1664,5450
"02","CABA","Sputnik Light",166,0,229,0,76
"02","CABA","Sputnik V COVID19 Instituto Gamaleya",0,896675,627502,231,14079
"10","Catamarca","AstraZeneca ChAdOx1 S recombinante",0,86670,86598,18029,59924
"10","Catamarca","COVISHIELD ChAdOx1nCoV COVID 19",0,4822,13,0,0
"10","Catamarca","Cansino Ad5 nCoV",2587,0,1048,328,48669
"10","Catamarca","Moderna 010 mg mL",0,5596,2849,0,12918
"10","Catamarca","Moderna ARNm 020 mg mL",0,7724,24267,403,141286
"10","Catamarca","Moderna Bivariante BA 4 5",0,57,12,0,4535
"10","Catamarca","Pfizer BioNTech Comirnaty",0,33582,30810,863,97266
"10","Catamarca","Pfizer Bivariante BA 4 5",0,0,4,0,11760
"10","Catamarca","Pfizer Pediátrica",0,46,90,52,15551
"10","Catamarca","Sinopharm Vacuna SARSCOV 2 inactivada",0,171513,157580,43,650
"10","Catamarca","Sputnik Light",5,0,3,0,291
"10","Catamarca","Sputnik V COVID19 Instituto Gamaleya",0,96759,73686,1649,29522
"22","Chaco","AstraZeneca ChAdOx1 S recombinante",0,240519,220622,29269,92635
"22","Chaco","COVISHIELD ChAdOx1nCoV COVID 19",0,15551,790,0,0
"22","Chaco","Cansino Ad5 nCoV",11406,0,821,212,21325
"22","Chaco","Moderna 010 mg mL",0,4727,2452,0,17103
"22","Chaco","Moderna ARNm 020 mg mL",0,31717,70275,1400,173615
"22","Chaco","Moderna Bivariante BA 4 5",0,0,3,0,5145
"22","Chaco","Pfizer BioNTech Comirnaty",0,69489,58778,7795,163719
"22","Chaco","Pfizer Bivariante BA 4 5",0,6,18,0,17401
"22","Chaco","Pfizer Pediátrica",0,808,333,251,4196
"22","Chaco","Sinopharm Vacuna SARSCOV 2 inactivada",0,393075,314426,445,3713
"22","Chaco","Sputnik Light",51,0,80,0,556
"22","Chaco","Sputnik V COVID19 Instituto Gamaleya",0,258370,182112,4471,54823
"26","Chubut","AstraZeneca ChAdOx1 S recombinante",0,132919,128780,20527,45930
"26","Chubut","COVISHIELD ChAdOx1nCoV COVID 19",0,11936,662,0,0
"26","Chubut","Cansino Ad5 nCoV",3585,0,366,52,5777
"26","Chubut","Moderna 010 mg mL",0,689,481,0,3744
"26","Chubut","Moderna ARNm 020 mg mL",0,21135,34145,1220,89933
"26","Chubut","Moderna Bivariante BA 4 5",0,0,4,0,6979
"26","Chubut","Pfizer BioNTech Comirnaty",0,33474,40124,4516,146955
"26","Chubut","Pfizer Bivariante BA 4 5",0,1,4,0,11476
"26","Chubut","Pfizer Pediátrica",0,483,230,28,2712
"26","Chubut","Sinopharm Vacuna SARSCOV 2 inactivada",0,173439,142365,174,1024
"26","Chubut","Sputnik Light",50,0,46,0,106
"26","Chubut","Sputnik V COVID19 Instituto Gamaleya",0,136832,100194,905,15189
"18","Corrientes","AstraZeneca ChAdOx1 S recombinante",0,194309,186115,17688,161504
"18","Corrientes","COVISHIELD ChAdOx1nCoV COVID 19",0,19895,493,0,0
"18","Corrientes","Cansino Ad5 nCoV",11273,0,288,71,40835
"18","Corrientes","Moderna 010 mg mL",0,10813,4337,0,25066
"18","Corrientes","Moderna ARNm 020 mg mL",0,28288,63286,393,324118
"18","Corrientes","Moderna Bivariante BA 4 5",0,0,1,0,5983
"18","Corrientes","Pfizer BioNTech Comirnaty",0,83442,81631,1794,275117
"18","Corrientes","Pfizer Bivariante BA 4 5",0,1,1,0,22168
"18","Corrientes","Pfizer Pediátrica",0,389,258,262,42839
"18","Corrientes","Sinopharm Vacuna SARSCOV 2 inactivada",0,430234,370615,66,2552
"18","Corrientes","Sputnik Light",0,0,0,0,11
"18","Corrientes","Sputnik V COVID19 Instituto Gamaleya",0,268528,195267,16,48888
"14","Córdoba","AstraZeneca ChAdOx1 S recombinante",0,809360,825108,183918,658769
"14","Córdoba","COVISHIELD ChAdOx1nCoV COVID 19",0,44130,129,0,0
"14","Córdoba","Cansino Ad5 nCoV",38410,0,5735,33,11375
"14","Córdoba","Moderna 010 mg mL",0,8179,4858,0,58417
"14","Córdoba","Moderna ARNm 020 mg mL",0,50359,269014,37,927595
"14","Córdoba","Moderna Bivariante BA 4 5",0,0,0,0,7410
"14","Córdoba","Pfizer BioNTech Comirnaty",0,284118,259015,16564,727558
"14","Córdoba","Pfizer Bivariante BA 4 5",0,0,0,0,51556
"14","Córdoba","Pfizer Pediátrica",0,1771,1108,179,24683
"14","Córdoba","Sinopharm Vacuna SARSCOV 2 inactivada",0,1256861,1144985,512,9212
"14","Córdoba","Sputnik Light",37,0,8,0,17
"14","Córdoba","Sputnik V COVID19 Instituto Gamaleya",0,940038,627739,4081,98751
"30","Entre Ríos","AstraZeneca ChAdOx1 S recombinante",0,292127,287610,72090,179391
"30","Entre Ríos","COVISHIELD ChAdOx1nCoV COVID 19",0,17390,375,0,0
"30","Entre Ríos","Cansino Ad5 nCoV",14040,0,502,14,5347
"30","Entre Ríos","Moderna 010 mg mL",0,2874,1466,0,11328
"30","Entre Ríos","Moderna ARNm 020 mg mL",0,24212,86769,215,289272
"30","Entre Ríos","Moderna Bivariante BA 4 5",0,0,0,0,17
"30","Entre Ríos","Pfizer BioNTech Comirnaty",0,98130,86537,7672,257958
"30","Entre Ríos","Pfizer Bivariante BA 4 5",0,3,7,0,12360
"30","Entre Ríos","Pfizer Pediátrica",0,256,139,51,14669
"30","Entre Ríos","Sinopharm Vacuna SARSCOV 2 inactivada",0,484585,430933,303,1619
"30","Entre Ríos","Sputnik Light",16,0,44,0,774
"30","Entre Ríos","Sputnik V COVID19 Instituto Gamaleya",0,325206,233679,3780,87226
"34","Formosa","AstraZeneca ChAdOx1 S recombinante",0,129566,156271,231065,77273
"34","Formosa","COVISHIELD ChAdOx1nCoV COVID 19",0,7392,8,0,0
"34","Formosa","Cansino Ad5 nCoV",7298,0,3,13,4796
"34","Formosa","Moderna 010 mg mL",0,4855,1894,0,19541
"34","Formosa","Moderna ARNm 020 mg mL",0,40757,9697,155,175115
"34","Formosa","Moderna Bivariante BA 4 5",0,0,0,0,5399
"34","Formosa","Pfizer BioNTech Comirnaty",0,26584,56187,21470,86630
"34","Formosa","Pfizer Bivariante BA 4 5",0,0,0,0,12846
"34","Formosa","Pfizer Pediátrica",0,30,88,117,11473
"34","Formosa","Sinopharm Vacuna SARSCOV 2 inactivada",0,235909,211521,372,445
"34","Formosa","Sputnik V COVID19 Instituto Gamaleya",0,138035,89211,2986,10078
"38","Jujuy","AstraZeneca ChAdOx1 S recombinante",0,165477,159566,31956,52854
"38","Jujuy","COVISHIELD ChAdOx1nCoV COVID 19",0,14039,295,0,0
"38","Jujuy","Cansino Ad5 nCoV",1729,0,1691,36,32602
"38","Jujuy","Moderna 010 mg mL",0,3322,1690,0,14044
"38","Jujuy","Moderna ARNm 020 mg mL",0,26968,43217,1542,201293
"38","Jujuy","Moderna Bivariante BA 4 5",0,2,4,0,12033
"38","Jujuy","Pfizer BioNTech Comirnaty",0,58151,72302,14713,159644
"38","Jujuy","Pfizer Bivariante BA 4 5",0,7,14,0,28975
"38","Jujuy","Pfizer Pediátrica",0,2585,962,183,14891
"38","Jujuy","Sinopharm Vacuna SARSCOV 2 inactivada",0,279776,220933,439,1563
"38","Jujuy","Sputnik Light",30,0,157,0,1154
"38","Jujuy","Sputnik V COVID19 Instituto Gamaleya",0,154372,125529,12803,38927
"42","La Pampa","AstraZeneca ChAdOx1 S recombinante",0,69664,76783,37248,46116
"42","La Pampa","COVISHIELD ChAdOx1nCoV COVID 19",0,4602,0,0,0
"42","La Pampa","Cansino Ad5 nCoV",2907,0,0,0,3251
"42","La Pampa","Moderna 010 mg mL",0,678,344,0,3110
"42","La Pampa","Moderna ARNm 020 mg mL",0,6372,26206,0,126010
"42","La Pampa","Moderna Bivariante BA 4 5",0,0,0,0,1297
"42","La Pampa","Pfizer BioNTech Comirnaty",0,27758,27445,4685,142653
"42","La Pampa","Pfizer Bivariante BA 4 5",0,0,1,0,6425
"42","La Pampa","Pfizer Pediátrica",0,199,113,0,5916
"42","La Pampa","Sinopharm Vacuna SARSCOV 2 inactivada",0,136147,131056,0,10
"42","La Pampa","Sputnik Light",13,0,0,0,202
"42","La Pampa","Sputnik V COVID19 Instituto Gamaleya",0,89678,62255,330,20220
"46","La Rioja","AstraZeneca ChAdOx1 S recombinante",0,78780,79594,21299,30537
"46","La Rioja","COVISHIELD ChAdOx1nCoV COVID 19",0,7272,126,0,0
"46","La Rioja","Cansino Ad5 nCoV",3153,0,52,0,4426
"46","La Rioja","Moderna 010 mg mL",0,1544,706,0,5881
"46","La Rioja","Moderna ARNm 020 mg mL",0,10482,27028,1892,113255
"46","La Rioja","Moderna Bivariante BA 4 5",0,0,0,0,345
"46","La Rioja","Pfizer BioNTech Comirnaty",0,30349,35373,10361,104946
"46","La Rioja","Pfizer Bivariante BA 4 5",0,1,2,0,7490
"46","La Rioja","Pfizer Pediátrica",0,60,52,427,5842
"46","La Rioja","Sinopharm Vacuna SARSCOV 2 inactivada",0,140918,126579,56,572
"46","La Rioja","Sputnik Light",11,0,9,0,915
"46","La Rioja","Sputnik V COVID19 Instituto Gamaleya",0,95131,70103,4327,30356
"50","Mendoza","AstraZeneca ChAdOx1 S recombinante",0,442242,432675,43462,290174
"50","Mendoza","COVISHIELD ChAdOx1nCoV COVID 19",0,25682,476,0,0
"50","Mendoza","Cansino Ad5 nCoV",11543,0,1840,52,41974
"50","Mendoza","Moderna 010 mg mL",0,11963,6891,0,33932
"50","Mendoza","Moderna ARNm 020 mg mL",0,31996,146557,185,392492
"50","Mendoza","Moderna Bivariante BA 4 5",0,8,17,0,16676
"50","Mendoza","Pfizer BioNTech Comirnaty",0,152862,155769,6846,415640
"50","Mendoza","Pfizer Bivariante BA 4 5",0,4,33,0,42860
"50","Mendoza","Pfizer Pediátrica",0,4223,1185,54,22324
"50","Mendoza","Sinopharm Vacuna SARSCOV 2 inactivada",0,615595,529486,296,2349
"50","Mendoza","Sputnik Light",119,0,216,0,1342
"50","Mendoza","Sputnik V COVID19 Instituto Gamaleya",0,473596,301219,3161,119912
"54","Misiones","AstraZeneca ChAdOx1 S recombinante",0,228273,242210,87975,63126
"54","Misiones","COVISHIELD ChAdOx1nCoV COVID 19",0,16881,821,0,0
"54","Misiones","Cansino Ad5 nCoV",7624,0,98,49,756
"54","Misiones","Moderna 010 mg mL",0,2223,891,0,3578
"54","Misiones","Moderna ARNm 020 mg mL",0,43327,56482,1049,47527
"54","Misiones","Moderna Bivariante BA 4 5",0,0,0,0,542
"54","Misiones","Pfizer BioNTech Comirnaty",0,62057,63873,15127,147953
"54","Misiones","Pfizer Bivariante BA 4 5",0,0,0,0,11755
"54","Misiones","Pfizer Pediátrica",0,2125,772,231,2683
"54","Misiones","Sinopharm Vacuna SARSCOV 2 inactivada",0,351027,279937,1075,5754
"54","Misiones","Sputnik Light",8,0,12,0,29
"54","Misiones","Sputnik V COVID19 Instituto Gamaleya",0,258067,175593,27760,52813
"58","Neuquén","AstraZeneca ChAdOx1 S recombinante",0,142569,146537,24421,72835
"58","Neuquén","COVISHIELD ChAdOx1nCoV COVID 19",0,12841,66,0,0
"58","Neuquén","Cansino Ad5 nCoV",10609,0,2459,1,58200
"58","Neuquén","Moderna 010 mg mL",0,1859,1037,0,7188
"58","Neuquén","Moderna ARNm 020 mg mL",0,14517,45830,65,146477
"58","Neuquén","Moderna Bivariante BA 4 5",0,1,0,0,2285
"58","Neuquén","Pfizer BioNTech Comirnaty",0,51140,47915,3318,145552
"58","Neuquén","Pfizer Bivariante BA 4 5",0,5,12,0,16842
"58","Neuquén","Pfizer Pediátrica",0,392,196,26,3968
"58","Neuquén","Sinopharm Vacuna SARSCOV 2 inactivada",0,236619,212611,87,613
"58","Neuquén","Sputnik Light",96,0,117,0,289
"58","Neuquén","Sputnik V COVID19 Instituto Gamaleya",0,173032,125503,1714,56273
"62","Río Negro","AstraZeneca ChAdOx1 S recombinante",0,147379,155883,38870,62889
"62","Río Negro","COVISHIELD ChAdOx1nCoV COVID 19",0,14016,95,0,0
"62","Río Negro","Cansino Ad5 nCoV",4125,0,637,42,12311
"62","Río Negro","Moderna 010 mg mL",0,1817,1071,0,8972
"62","Río Negro","Moderna ARNm 020 mg mL",0,11840,54126,6624,175046
"62","Río Negro","Moderna Bivariante BA 4 5",0,0,1,0,6020
"62","Río Negro","Pfizer BioNTech Comirnaty",0,55721,53757,26623,161008
"62","Río Negro","Pfizer Bivariante BA 4 5",0,0,3,0,25925
"62","Río Negro","Pfizer Pediátrica",0,811,323,38,4454
"62","Río Negro","Sinopharm Vacuna SARSCOV 2 inactivada",0,277910,246118,588,1952
"62","Río Negro","Sputnik V COVID19 Instituto Gamaleya",0,177621,118014,16148,37568
"66","Salta","AstraZeneca ChAdOx1 S recombinante",0,312073,276768,23081,25832
"66","Salta","COVISHIELD ChAdOx1nCoV COVID 19",0,18005,73,0,0
"66","Salta","Cansino Ad5 nCoV",3915,0,258,476,8522
"66","Salta","Moderna 010 mg mL",0,5893,2452,0,24080
"66","Salta","Moderna ARNm 020 mg mL",0,36769,100519,4504,307151
"66","Salta","Moderna Bivariante BA 4 5",0,3,8,0,16840
"66","Salta","Pfizer BioNTech Comirnaty",0,104968,111421,17422,294194
"66","Salta","Pfizer Bivariante BA 4 5",0,3,32,0,42033
"66","Salta","Pfizer Pediátrica",0,3305,1117,53,7426
"66","Salta","Sinopharm Vacuna SARSCOV 2 inactivada",0,419185,342621,277,1290
"66","Salta","Sputnik Light",146,0,355,0,4178
"66","Salta","Sputnik V COVID19 Instituto Gamaleya",0,300432,206514,10559,58460
"70","San Juan","AstraZeneca ChAdOx1 S recombinante",0,157684,165590,24464,56000
"70","San Juan","COVISHIELD ChAdOx1nCoV COVID 19",0,8867,13,0,0
"70","San Juan","Cansino Ad5 nCoV",7285,0,1225,362,32364
"70","San Juan","Moderna 010 mg mL",0,2654,1467,0,14168
"70","San Juan","Moderna ARNm 020 mg mL",0,19528,45065,665,126716
"70","San Juan","Moderna Bivariante BA 4 5",0,0,0,0,5494
"70","San Juan","Pfizer BioNTech Comirnaty",0,58686,52682,7353,137686
"70","San Juan","Pfizer Bivariante BA 4 5",0,1,0,0,14093
"70","San Juan","Pfizer Pediátrica",0,590,330,2,9779
"70","San Juan","Sinopharm Vacuna SARSCOV 2 inactivada",0,264058,238501,53,447
"70","San Juan","Sputnik Light",72,0,116,0,614
"70","San Juan","Sputnik V COVID19 Instituto Gamaleya",0,197726,137121,6125,53047
"74","San Luis","AstraZeneca ChAdOx1 S recombinante",0,99369,106949,37239,55034
"74","San Luis","COVISHIELD ChAdOx1nCoV COVID 19",0,6829,0,0,0
"74","San Luis","Cansino Ad5 nCoV",6222,0,936,1,30836
"74","San Luis","Moderna 010 mg mL",0,624,261,0,5214
"74","San Luis","Moderna ARNm 020 mg mL",0,9278,32213,430,162177
"74","San Luis","Moderna Bivariante BA 4 5",0,0,0,0,2395
"74","San Luis","Pfizer BioNTech Comirnaty",0,38695,37196,12270,180421
"74","San Luis","Pfizer Bivariante BA 4 5",0,0,0,0,3802
"74","San Luis","Pfizer Pediátrica",0,110,53,6,16479
"74","San Luis","Sinopharm Vacuna SARSCOV 2 inactivada",0,174580,165887,22,493
"74","San Luis","Sputnik Light",8,0,11,0,273
"74","San Luis","Sputnik V COVID19 Instituto Gamaleya",0,126859,93033,306,29918
"78","Santa Cruz","AstraZeneca ChAdOx1 S recombinante",0,65267,65138,8993,31144
"78","Santa Cruz","COVISHIELD ChAdOx1nCoV COVID 19",0,6017,730,0,0
"78","Santa Cruz","Cansino Ad5 nCoV",2350,0,90,1,2674
"78","Santa Cruz","Moderna 010 mg mL",0,858,382,0,2140
"78","Santa Cruz","Moderna ARNm 020 mg mL",0,9722,20451,121,66958
"78","Santa Cruz","Moderna Bivariante BA 4 5",0,0,1,0,2006
"78","Santa Cruz","Pfizer BioNTech Comirnaty",0,24268,26052,7683,70228
"78","Santa Cruz","Pfizer Bivariante BA 4 5",0,0,5,0,8357
"78","Santa Cruz","Pfizer Pediátrica",0,115,71,12,3252
"78","Santa Cruz","Sinopharm Vacuna SARSCOV 2 inactivada",0,106327,94057,80,655
"78","Santa Cruz","Sputnik Light",23,0,46,0,498
"78","Santa Cruz","Sputnik V COVID19 Instituto Gamaleya",0,91649,68983,3135,23728
"82","Santa Fe","AstraZeneca ChAdOx1 S recombinante",0,761875,775011,248699,287955
"82","Santa Fe","COVISHIELD ChAdOx1nCoV COVID 19",0,41488,58,0,0
"82","Santa Fe","Cansino Ad5 nCoV",26555,0,179,29,2109
"82","Santa Fe","Moderna 010 mg mL",0,13225,7023,0,42536
"82","Santa Fe","Moderna ARNm 020 mg mL",0,47437,258489,14225,1455538
"82","Santa Fe","Moderna Bivariante BA 4 5",0,13,12,0,23021
"82","Santa Fe","Pfizer BioNTech Comirnaty",0,269384,262502,133659,1024025
"82","Santa Fe","Pfizer Bivariante BA 4 5",0,0,0,0,52686
"82","Santa Fe","Pfizer Pediátrica",0,527,277,1224,23759
"82","Santa Fe","Sinopharm Vacuna SARSCOV 2 inactivada",0,1182876,1104652,649,3333
"82","Santa Fe","Sputnik Light",150,0,306,0,2699
"82","Santa Fe","Sputnik V COVID19 Instituto Gamaleya",0,921754,648265,7664,122970
"86","Santiago del Estero","AstraZeneca ChAdOx1 S recombinante",0,212190,211908,49262,120816
"86","Santiago del Estero","COVISHIELD ChAdOx1nCoV COVID 19",0,11969,1317,0,0
"86","Santiago del Estero","Cansino Ad5 nCoV",17415,0,976,5207,75536
"86","Santiago del Estero","Moderna 010 mg mL",0,4040,1586,0,15631
"86","Santiago del Estero","Moderna ARNm 020 mg mL",0,11692,72826,1596,219533
"86","Santiago del Estero","Moderna Bivariante BA 4 5",0,0,1,0,1703
"86","Santiago del Estero","Pfizer BioNTech Comirnaty",0,97079,91144,3753,131345
"86","Santiago del Estero","Pfizer Bivariante BA 4 5",0,1,24,0,9867
"86","Santiago del Estero","Pfizer Pediátrica",0,94,81,39,18356
"86","Santiago del Estero","Sinopharm Vacuna SARSCOV 2 inactivada",1,399191,371011,316,1536
"86","Santiago del Estero","Sputnik Light",3,0,5,0,89
"86","Santiago del Estero","Sputnik V COVID19 Instituto Gamaleya",0,229233,157054,14756,61796
"94","Tierra del Fuego","AstraZeneca ChAdOx1 S recombinante",0,35152,35554,6892,21441
"94","Tierra del Fuego","COVISHIELD ChAdOx1nCoV COVID 19",0,2740,759,0,0
"94","Tierra del Fuego","Cansino Ad5 nCoV",349,0,126,17,3140
"94","Tierra del Fuego","Moderna 010 mg mL",0,465,207,0,1138
"94","Tierra del Fuego","Moderna ARNm 020 mg mL",0,2417,12895,210,42926
"94","Tierra del Fuego","Moderna Bivariante BA 4 5",0,0,0,0,1389
"94","Tierra del Fuego","Pfizer BioNTech Comirnaty",0,14517,13715,944,33839
"94","Tierra del Fuego","Pfizer Bivariante BA 4 5",0,7,2,0,5957
"94","Tierra del Fuego","Pfizer Pediátrica",0,123,54,10,3307
"94","Tierra del Fuego","Sinopharm Vacuna SARSCOV 2 inactivada",0,58534,53906,24,211
"94","Tierra del Fuego","Sputnik Light",8,0,12,0,6
"94","Tierra del Fuego","Sputnik V COVID19 Instituto Gamaleya",0,44859,30846,539,7488
"90","Tucumán","AstraZeneca ChAdOx1 S recombinante",0,352988,331960,43754,190854
"90","Tucumán","COVISHIELD ChAdOx1nCoV COVID 19",0,20655,87,0,0
"90","Tucumán","Cansino Ad5 nCoV",7718,0,69,1410,18420
"90","Tucumán","Moderna 010 mg mL",0,1873,807,0,7545
"90","Tucumán","Moderna ARNm 020 mg mL",0,34692,109362,21452,325629
"90","Tucumán","Moderna Bivariante BA 4 5",0,6,11,0,4938
"90","Tucumán","Pfizer BioNTech Comirnaty",0,118779,102571,246,189048
"90","Tucumán","Pfizer Bivariante BA 4 5",0,0,0,0,31940
"90","Tucumán","Pfizer Pediátrica",0,2179,554,2651,36464
"90","Tucumán","Sinopharm Vacuna SARSCOV 2 inactivada",0,538999,477235,3,904
"90","Tucumán","Sputnik Light",80,0,125,0,5325
"90","Tucumán","Sputnik V COVID19 Instituto Gamaleya",0,431457,325105,4078,78464
