"jurisdiccion_codigo_indec","jurisdiccion_nombre","vacuna_nombre",dosis_unica_cantidad,primera_dosis_cantidad,segunda_dosis_cantidad,dosis_adicional_cantidad,dosis_refuerzo_cantidad
"06","Buenos Aires","AstraZeneca ChAdOx1 S recombinante",0,3648669,4022692,832866,1121871
"06","Buenos Aires","COVISHIELD ChAdOx1nCoV COVID 19",0,251418,383,0,0
"06","Buenos Aires","Cansino Ad5 nCoV",90334,0,7732,1632,110492
"06","Buenos Aires","Moderna 010 mg mL",0,52536,31870,0,183247
"06","Buenos Aires","Moderna ARNm 020 mg mL",0,426931,1263916,3185,4551746
"06","Buenos Aires","Moderna Bivariante BA 4 5",297,19,13,0,587752
"06","Buenos Aires","Pfizer BioNTech Comirnaty",0,1374358,1452522,77612,5408363
"06","Buenos Aires","Pfizer Bivariante BA 4 5",0,0,0,0,259576
"06","Buenos Aires","Pfizer Pediátrica",0,20675,10766,141505,2077
"06","Buenos Aires","Sinopharm Vacuna SARSCOV 2 inactivada",0,5957635,5272116,1662,13079
"06","Buenos Aires","Sputnik Light",426,0,1081,0,7924
"06","Buenos Aires","Sputnik V COVID19 Instituto Gamaleya",0,4315842,2693194,6256,859743
"02","CABA","AstraZeneca ChAdOx1 S recombinante",0,728407,763058,204528,506997
"02","CABA","COVISHIELD ChAdOx1nCoV COVID 19",0,65740,198,0,0
"02","CABA","Cansino Ad5 nCoV",29925,0,1673,44,51058
"02","CABA","Moderna 010 mg mL",0,16552,9689,0,64370
"02","CABA","Moderna ARNm 020 mg mL",0,36702,280096,1488,2065764
"02","CABA","Moderna Bivariante BA 4 5",5507,1893,3123,0,262278
"02","CABA","Pfizer BioNTech Comirnaty",0,193600,220498,62863,1286577
"02","CABA","Pfizer Bivariante BA 4 5",0,0,2,0,241085
"02","CABA","Pfizer Pediátrica",0,2891,2057,1678,89478
"02","CABA","Sinopharm Vacuna SARSCOV 2 inactivada",0,1019523,968488,1664,5460
"02","CABA","Sputnik Light",175,0,233,0,78
"02","CABA","Sputnik V COVID19 Instituto Gamaleya",0,896684,627510,231,14085
"10","Catamarca","AstraZeneca ChAdOx1 S recombinante",0,86677,86613,18029,59968
"10","Catamarca","COVISHIELD ChAdOx1nCoV COVID 19",0,4822,13,0,0
"10","Catamarca","Cansino Ad5 nCoV",2587,0,1050,328,48707
"10","Catamarca","Moderna 010 mg mL",0,5675,2900,0,13083
"10","Catamarca","Moderna ARNm 020 mg mL",0,7725,24272,403,141541
"10","Catamarca","Moderna Bivariante BA 4 5",219,431,350,0,19480
"10","Catamarca","Pfizer BioNTech Comirnaty",0,33597,30819,863,97357
"10","Catamarca","Pfizer Bivariante BA 4 5",0,1,5,0,16328
"10","Catamarca","Pfizer Pediátrica",0,47,91,52,15656
"10","Catamarca","Sinopharm Vacuna SARSCOV 2 inactivada",0,171539,157656,43,667
"10","Catamarca","Sputnik Light",5,0,3,0,294
"10","Catamarca","Sputnik V COVID19 Instituto Gamaleya",0,96761,73700,1649,29530
"22","Chaco","AstraZeneca ChAdOx1 S recombinante",0,240534,220674,29269,92677
"22","Chaco","COVISHIELD ChAdOx1nCoV COVID 19",0,15556,791,0,0
"22","Chaco","Cansino Ad5 nCoV",11410,0,823,212,21369
"22","Chaco","Moderna 010 mg mL",0,4760,2479,0,17337
"22","Chaco","Moderna ARNm 020 mg mL",0,31725,70300,1400,174140
"22","Chaco","Moderna Bivariante BA 4 5",846,676,413,0,34297
"22","Chaco","Pfizer BioNTech Comirnaty",0,69536,58826,7795,163924
"22","Chaco","Pfizer Bivariante BA 4 5",0,10,28,0,19793
"22","Chaco","Pfizer Pediátrica",0,811,336,252,4204
"22","Chaco","Sinopharm Vacuna SARSCOV 2 inactivada",0,393556,314793,445,3753
"22","Chaco","Sputnik Light",51,0,82,0,589
"22","Chaco","Sputnik V COVID19 Instituto Gamaleya",0,258381,182131,4471,54835
"26","Chubut","AstraZeneca ChAdOx1 S recombinante",0,132925,128788,20527,45939
"26","Chubut","COVISHIELD ChAdOx1nCoV COVID 19",0,11937,662,0,0
"26","Chubut","Cansino Ad5 nCoV",3588,0,366,52,5776
"26","Chubut","Moderna 010 mg mL",0,707,516,0,3848
"26","Chubut","Moderna ARNm 020 mg mL",0,21142,34160,1220,89960
"26","Chubut","Moderna Bivariante BA 4 5",416,112,96,0,22866
"26","Chubut","Pfizer BioNTech Comirnaty",0,33500,40171,4516,147034
"26","Chubut","Pfizer Bivariante BA 4 5",0,1,6,0,13182
"26","Chubut","Pfizer Pediátrica",0,483,230,28,2715
"26","Chubut","Sinopharm Vacuna SARSCOV 2 inactivada",0,173447,142390,174,1028
"26","Chubut","Sputnik Light",51,0,46,0,106
"26","Chubut","Sputnik V COVID19 Instituto Gamaleya",0,136836,100196,905,15191
"18","Corrientes","AstraZeneca ChAdOx1 S recombinante",0,194331,186159,17688,161685
"18","Corrientes","COVISHIELD ChAdOx1nCoV COVID 19",0,19895,493,0,0
"18","Corrientes","Cansino Ad5 nCoV",11274,0,288,71,40838
"18","Corrientes","Moderna 010 mg mL",0,10877,4402,0,25262
"18","Corrientes","Moderna ARNm 020 mg mL",0,28290,63296,393,324166
"18","Corrientes","Moderna Bivariante BA 4 5",195,363,233,0,35767
"18","Corrientes","Pfizer BioNTech Comirnaty",0,83467,81678,1794,275265
"18","Corrientes","Pfizer Bivariante BA 4 5",0,1,3,0,26062
"18","Corrientes","Pfizer Pediátrica",0,390,261,262,42855
"18","Corrientes","Sinopharm Vacuna SARSCOV 2 inactivada",0,430286,370666,66,2559
"18","Corrientes","Sputnik Light",0,0,0,0,11
"18","Corrientes","Sputnik V COVID19 Instituto Gamaleya",0,268530,195274,16,48890
"14","Córdoba","AstraZeneca ChAdOx1 S recombinante",0,809359,825111,183917,658779
"14","Córdoba","COVISHIELD ChAdOx1nCoV COVID 19",0,44130,129,0,0
"14","Córdoba","Cansino Ad5 nCoV",38411,0,5735,33,11375
"14","Córdoba","Moderna 010 mg mL",0,8396,5064,0,59477
"14","Córdoba","Moderna ARNm 020 mg mL",0,50358,269015,37,927453
"14","Córdoba","Moderna Bivariante BA 4 5",1560,627,525,0,78895
"14","Córdoba","Pfizer BioNTech Comirnaty",0,284157,259058,16564,728092
"14","Córdoba","Pfizer Bivariante BA 4 5",0,1,0,0,55754
"14","Córdoba","Pfizer Pediátrica",0,1771,1109,179,24683
"14","Córdoba","Sinopharm Vacuna SARSCOV 2 inactivada",0,1256906,1145058,512,9217
"14","Córdoba","Sputnik Light",37,0,8,0,17
"14","Córdoba","Sputnik V COVID19 Instituto Gamaleya",0,940035,627738,4081,98750
"30","Entre Ríos","AstraZeneca ChAdOx1 S recombinante",0,292132,287617,72089,179482
"30","Entre Ríos","COVISHIELD ChAdOx1nCoV COVID 19",0,17390,375,0,0
"30","Entre Ríos","Cansino Ad5 nCoV",14042,0,502,14,5349
"30","Entre Ríos","Moderna 010 mg mL",0,2952,1537,0,12016
"30","Entre Ríos","Moderna ARNm 020 mg mL",0,24213,86773,215,289417
"30","Entre Ríos","Moderna Bivariante BA 4 5",328,158,100,0,9615
"30","Entre Ríos","Pfizer BioNTech Comirnaty",0,98138,86564,7672,258441
"30","Entre Ríos","Pfizer Bivariante BA 4 5",0,6,9,0,26035
"30","Entre Ríos","Pfizer Pediátrica",0,256,139,51,14671
"30","Entre Ríos","Sinopharm Vacuna SARSCOV 2 inactivada",0,484626,430998,303,1635
"30","Entre Ríos","Sputnik Light",16,0,46,0,802
"30","Entre Ríos","Sputnik V COVID19 Instituto Gamaleya",0,325214,233700,3780,87236
"34","Formosa","AstraZeneca ChAdOx1 S recombinante",0,129565,156275,231065,77296
"34","Formosa","COVISHIELD ChAdOx1nCoV COVID 19",0,7392,8,0,0
"34","Formosa","Cansino Ad5 nCoV",7298,0,3,13,4799
"34","Formosa","Moderna 010 mg mL",0,5290,2246,0,22148
"34","Formosa","Moderna ARNm 020 mg mL",0,40762,9698,155,175175
"34","Formosa","Moderna Bivariante BA 4 5",41,1688,1569,0,49684
"34","Formosa","Pfizer BioNTech Comirnaty",0,26595,56199,21470,86690
"34","Formosa","Pfizer Bivariante BA 4 5",0,7,6,0,28905
"34","Formosa","Pfizer Pediátrica",0,30,88,118,11474
"34","Formosa","Sinopharm Vacuna SARSCOV 2 inactivada",0,235949,211597,372,445
"34","Formosa","Sputnik V COVID19 Instituto Gamaleya",0,138037,89212,2986,10079
"38","Jujuy","AstraZeneca ChAdOx1 S recombinante",0,165497,159607,31956,52891
"38","Jujuy","COVISHIELD ChAdOx1nCoV COVID 19",0,14040,296,0,0
"38","Jujuy","Cansino Ad5 nCoV",1730,0,1691,36,32616
"38","Jujuy","Moderna 010 mg mL",0,3330,1707,0,14108
"38","Jujuy","Moderna ARNm 020 mg mL",0,26979,43227,1542,201503
"38","Jujuy","Moderna Bivariante BA 4 5",2423,497,376,0,57657
"38","Jujuy","Pfizer BioNTech Comirnaty",0,58163,72325,14713,159814
"38","Jujuy","Pfizer Bivariante BA 4 5",0,12,26,0,32856
"38","Jujuy","Pfizer Pediátrica",0,2585,962,184,14904
"38","Jujuy","Sinopharm Vacuna SARSCOV 2 inactivada",0,279884,221108,439,1662
"38","Jujuy","Sputnik Light",31,0,157,0,1212
"38","Jujuy","Sputnik V COVID19 Instituto Gamaleya",0,154377,125536,12803,38930
"42","La Pampa","AstraZeneca ChAdOx1 S recombinante",0,69665,76783,37248,46117
"42","La Pampa","COVISHIELD ChAdOx1nCoV COVID 19",0,4602,0,0,0
"42","La Pampa","Cansino Ad5 nCoV",2908,0,0,0,3251
"42","La Pampa","Moderna 010 mg mL",0,714,369,0,3237
"42","La Pampa","Moderna ARNm 020 mg mL",0,6374,26207,0,126033
"42","La Pampa","Moderna Bivariante BA 4 5",86,58,30,0,6567
"42","La Pampa","Pfizer BioNTech Comirnaty",0,27757,27447,4685,142695
"42","La Pampa","Pfizer Bivariante BA 4 5",0,0,1,0,12286
"42","La Pampa","Pfizer Pediátrica",0,199,113,0,5916
"42","La Pampa","Sinopharm Vacuna SARSCOV 2 inactivada",0,136158,131068,0,10
"42","La Pampa","Sputnik Light",14,0,0,0,202
"42","La Pampa","Sputnik V COVID19 Instituto Gamaleya",0,89681,62256,330,20220
"46","La Rioja","AstraZeneca ChAdOx1 S recombinante",0,78785,79605,21299,30546
"46","La Rioja","COVISHIELD ChAdOx1nCoV COVID 19",0,7273,126,0,0
"46","La Rioja","Cansino Ad5 nCoV",3154,0,52,0,4428
"46","La Rioja","Moderna 010 mg mL",0,1578,735,0,6585
"46","La Rioja","Moderna ARNm 020 mg mL",0,10483,27032,1892,113476
"46","La Rioja","Moderna Bivariante BA 4 5",1053,228,106,0,19709
"46","La Rioja","Pfizer BioNTech Comirnaty",0,30350,35373,10361,105011
"46","La Rioja","Pfizer Bivariante BA 4 5",0,1,3,0,9768
"46","La Rioja","Pfizer Pediátrica",0,60,52,427,5845
"46","La Rioja","Sinopharm Vacuna SARSCOV 2 inactivada",0,140936,126605,56,573
"46","La Rioja","Sputnik Light",11,0,11,0,924
"46","La Rioja","Sputnik V COVID19 Instituto Gamaleya",0,95136,70108,4327,30360
"50","Mendoza","AstraZeneca ChAdOx1 S recombinante",0,442255,432696,43461,290199
"50","Mendoza","COVISHIELD ChAdOx1nCoV COVID 19",0,25683,476,0,0
"50","Mendoza","Cansino Ad5 nCoV",11543,0,1840,52,41974
"50","Mendoza","Moderna 010 mg mL",0,12213,7205,0,35397
"50","Mendoza","Moderna ARNm 020 mg mL",0,31996,146560,185,392595
"50","Mendoza","Moderna Bivariante BA 4 5",2135,995,1068,0,53730
"50","Mendoza","Pfizer BioNTech Comirnaty",0,152921,155872,6846,415882
"50","Mendoza","Pfizer Bivariante BA 4 5",0,6,39,0,74533
"50","Mendoza","Pfizer Pediátrica",0,4224,1186,54,22326
"50","Mendoza","Sinopharm Vacuna SARSCOV 2 inactivada",0,615609,529522,296,2349
"50","Mendoza","Sputnik Light",126,0,221,0,1380
"50","Mendoza","Sputnik V COVID19 Instituto Gamaleya",0,473601,301227,3161,119914
"54","Misiones","AstraZeneca ChAdOx1 S recombinante",0,228334,242316,87975,63370
"54","Misiones","COVISHIELD ChAdOx1nCoV COVID 19",0,16888,823,0,0
"54","Misiones","Cansino Ad5 nCoV",7646,0,100,49,766
"54","Misiones","Moderna 010 mg mL",0,2341,1006,0,3922
"54","Misiones","Moderna ARNm 020 mg mL",0,43340,56509,1049,48016
"54","Misiones","Moderna Bivariante BA 4 5",366,385,271,0,3473
"54","Misiones","Pfizer BioNTech Comirnaty",0,62139,63968,15127,148713
"54","Misiones","Pfizer Bivariante BA 4 5",0,0,0,0,16231
"54","Misiones","Pfizer Pediátrica",0,2146,788,232,2697
"54","Misiones","Sinopharm Vacuna SARSCOV 2 inactivada",0,351261,280285,1075,5843
"54","Misiones","Sputnik Light",8,0,12,0,29
"54","Misiones","Sputnik V COVID19 Instituto Gamaleya",0,258114,175662,27760,52921
"58","Neuquén","AstraZeneca ChAdOx1 S recombinante",0,142589,146592,24390,73090
"58","Neuquén","COVISHIELD ChAdOx1nCoV COVID 19",0,12840,66,0,0
"58","Neuquén","Cansino Ad5 nCoV",10673,0,2490,1,58974
"58","Neuquén","Moderna 010 mg mL",0,1864,1043,0,7229
"58","Neuquén","Moderna ARNm 020 mg mL",0,14537,45849,65,146990
"58","Neuquén","Moderna Bivariante BA 4 5",395,223,239,0,13481
"58","Neuquén","Pfizer BioNTech Comirnaty",0,51200,48033,3302,146807
"58","Neuquén","Pfizer Bivariante BA 4 5",0,6,18,0,27696
"58","Neuquén","Pfizer Pediátrica",0,396,196,26,3968
"58","Neuquén","Sinopharm Vacuna SARSCOV 2 inactivada",0,236845,212926,87,619
"58","Neuquén","Sputnik Light",101,0,124,0,319
"58","Neuquén","Sputnik V COVID19 Instituto Gamaleya",0,173052,125541,1712,56405
"62","Río Negro","AstraZeneca ChAdOx1 S recombinante",0,147378,155886,38870,62898
"62","Río Negro","COVISHIELD ChAdOx1nCoV COVID 19",0,14016,95,0,0
"62","Río Negro","Cansino Ad5 nCoV",4125,0,637,42,12313
"62","Río Negro","Moderna 010 mg mL",0,1838,1101,0,9014
"62","Río Negro","Moderna ARNm 020 mg mL",0,11850,54130,6624,175163
"62","Río Negro","Moderna Bivariante BA 4 5",1740,106,102,0,24934
"62","Río Negro","Pfizer BioNTech Comirnaty",0,55732,53770,26622,161033
"62","Río Negro","Pfizer Bivariante BA 4 5",0,0,6,0,28565
"62","Río Negro","Pfizer Pediátrica",0,812,323,38,4456
"62","Río Negro","Sinopharm Vacuna SARSCOV 2 inactivada",0,277935,246192,588,1973
"62","Río Negro","Sputnik V COVID19 Instituto Gamaleya",0,177620,118015,16148,37571
"66","Salta","AstraZeneca ChAdOx1 S recombinante",0,312299,277053,23081,25940
"66","Salta","COVISHIELD ChAdOx1nCoV COVID 19",0,18005,73,0,0
"66","Salta","Cansino Ad5 nCoV",3937,0,258,476,8527
"66","Salta","Moderna 010 mg mL",0,5940,2502,0,24402
"66","Salta","Moderna ARNm 020 mg mL",0,36794,100605,4504,307447
"66","Salta","Moderna Bivariante BA 4 5",2812,837,557,0,76312
"66","Salta","Pfizer BioNTech Comirnaty",0,105174,111700,17422,294749
"66","Salta","Pfizer Bivariante BA 4 5",0,7,40,0,54231
"66","Salta","Pfizer Pediátrica",0,3307,1117,53,7436
"66","Salta","Sinopharm Vacuna SARSCOV 2 inactivada",0,419945,343789,277,1404
"66","Salta","Sputnik Light",151,0,362,0,4206
"66","Salta","Sputnik V COVID19 Instituto Gamaleya",0,300558,206700,10559,58856
"70","San Juan","AstraZeneca ChAdOx1 S recombinante",0,157687,165593,24464,55999
"70","San Juan","COVISHIELD ChAdOx1nCoV COVID 19",0,8867,12,0,0
"70","San Juan","Cansino Ad5 nCoV",7284,0,1226,362,32325
"70","San Juan","Moderna 010 mg mL",0,2669,1499,0,14337
"70","San Juan","Moderna ARNm 020 mg mL",0,19531,45062,665,126641
"70","San Juan","Moderna Bivariante BA 4 5",279,105,92,0,15129
"70","San Juan","Pfizer BioNTech Comirnaty",0,58687,52683,7353,137703
"70","San Juan","Pfizer Bivariante BA 4 5",0,2,0,0,16111
"70","San Juan","Pfizer Pediátrica",0,590,330,2,9777
"70","San Juan","Sinopharm Vacuna SARSCOV 2 inactivada",0,264071,238526,53,445
"70","San Juan","Sputnik Light",75,0,121,0,646
"70","San Juan","Sputnik V COVID19 Instituto Gamaleya",0,197728,137158,6125,53050
"74","San Luis","AstraZeneca ChAdOx1 S recombinante",0,99369,106949,37238,55039
"74","San Luis","COVISHIELD ChAdOx1nCoV COVID 19",0,6829,0,0,0
"74","San Luis","Cansino Ad5 nCoV",6222,0,936,1,30840
"74","San Luis","Moderna 010 mg mL",0,656,282,0,5445
"74","San Luis","Moderna ARNm 020 mg mL",0,9278,32213,430,162194
"74","San Luis","Moderna Bivariante BA 4 5",202,56,41,0,8363
"74","San Luis","Pfizer BioNTech Comirnaty",0,38696,37200,12270,180436
"74","San Luis","Pfizer Bivariante BA 4 5",0,2,0,0,5525
"74","San Luis","Pfizer Pediátrica",0,110,53,6,16486
"74","San Luis","Sinopharm Vacuna SARSCOV 2 inactivada",0,174587,165907,22,496
"74","San Luis","Sputnik Light",8,0,12,0,317
"74","San Luis","Sputnik V COVID19 Instituto Gamaleya",0,126859,93033,306,29921
"78","Santa Cruz","AstraZeneca ChAdOx1 S recombinante",0,65270,65144,8993,31154
"78","Santa Cruz","COVISHIELD ChAdOx1nCoV COVID 19",0,6019,730,0,0
"78","Santa Cruz","Cansino Ad5 nCoV",2351,0,90,1,2674
"78","Santa Cruz","Moderna 010 mg mL",0,876,406,0,2194
"78","Santa Cruz","Moderna ARNm 020 mg mL",0,9724,20455,121,66992
"78","Santa Cruz","Moderna Bivariante BA 4 5",70,58,67,0,10577
"78","Santa Cruz","Pfizer BioNTech Comirnaty",0,24269,26057,7683,70254
"78","Santa Cruz","Pfizer Bivariante BA 4 5",0,0,5,0,11138
"78","Santa Cruz","Pfizer Pediátrica",0,115,71,12,3253
"78","Santa Cruz","Sinopharm Vacuna SARSCOV 2 inactivada",0,106341,94073,80,655
"78","Santa Cruz","Sputnik Light",24,0,48,0,517
"78","Santa Cruz","Sputnik V COVID19 Instituto Gamaleya",0,91654,68990,3135,23733
"82","Santa Fe","AstraZeneca ChAdOx1 S recombinante",0,761873,775015,248699,288006
"82","Santa Fe","COVISHIELD ChAdOx1nCoV COVID 19",0,41486,58,0,0
"82","Santa Fe","Cansino Ad5 nCoV",26556,0,179,29,2109
"82","Santa Fe","Moderna 010 mg mL",0,13295,7131,0,42992
"82","Santa Fe","Moderna ARNm 020 mg mL",0,47441,258496,14225,1457098
"82","Santa Fe","Moderna Bivariante BA 4 5",1859,1418,1009,0,104973
"82","Santa Fe","Pfizer BioNTech Comirnaty",0,269395,262533,133659,1024138
"82","Santa Fe","Pfizer Bivariante BA 4 5",0,1,0,0,62344
"82","Santa Fe","Pfizer Pediátrica",0,528,278,1225,23770
"82","Santa Fe","Sinopharm Vacuna SARSCOV 2 inactivada",0,1182913,1104748,649,3337
"82","Santa Fe","Sputnik Light",155,0,319,0,2783
"82","Santa Fe","Sputnik V COVID19 Instituto Gamaleya",0,921745,648270,7664,122972
"86","Santiago del Estero","AstraZeneca ChAdOx1 S recombinante",0,212195,211924,49262,120842
"86","Santiago del Estero","COVISHIELD ChAdOx1nCoV COVID 19",0,11969,1317,0,0
"86","Santiago del Estero","Cansino Ad5 nCoV",17419,0,976,5207,75551
"86","Santiago del Estero","Moderna 010 mg mL",0,4166,1676,0,16168
"86","Santiago del Estero","Moderna ARNm 020 mg mL",0,11692,72834,1596,219713
"86","Santiago del Estero","Moderna Bivariante BA 4 5",62,176,132,0,8335
"86","Santiago del Estero","Pfizer BioNTech Comirnaty",0,97108,91153,3753,131458
"86","Santiago del Estero","Pfizer Bivariante BA 4 5",0,4,27,0,17372
"86","Santiago del Estero","Pfizer Pediátrica",0,94,81,39,18356
"86","Santiago del Estero","Sinopharm Vacuna SARSCOV 2 inactivada",1,399272,371095,316,1540
"86","Santiago del Estero","Sputnik Light",3,0,5,0,90
"86","Santiago del Estero","Sputnik V COVID19 Instituto Gamaleya",0,229309,157061,14756,61803
"94","Tierra del Fuego","AstraZeneca ChAdOx1 S recombinante",0,35152,35555,6892,21445
"94","Tierra del Fuego","COVISHIELD ChAdOx1nCoV COVID 19",0,2740,759,0,0
"94","Tierra del Fuego","Cansino Ad5 nCoV",349,0,126,17,3140
"94","Tierra del Fuego","Moderna 010 mg mL",0,471,224,0,1172
"94","Tierra del Fuego","Moderna ARNm 020 mg mL",0,2415,12895,210,42887
"94","Tierra del Fuego","Moderna Bivariante BA 4 5",383,34,36,0,8464
"94","Tierra del Fuego","Pfizer BioNTech Comirnaty",0,14517,13716,944,33859
"94","Tierra del Fuego","Pfizer Bivariante BA 4 5",0,7,2,0,6585
"94","Tierra del Fuego","Pfizer Pediátrica",0,123,54,10,3308
"94","Tierra del Fuego","Sinopharm Vacuna SARSCOV 2 inactivada",0,58534,53907,24,212
"94","Tierra del Fuego","Sputnik Light",9,0,12,0,6
"94","Tierra del Fuego","Sputnik V COVID19 Instituto Gamaleya",0,44858,30848,539,7488
"90","Tucumán","AstraZeneca ChAdOx1 S recombinante",0,352999,331995,43753,191011
"90","Tucumán","COVISHIELD ChAdOx1nCoV COVID 19",0,20665,90,0,0
"90","Tucumán","Cansino Ad5 nCoV",7721,0,68,1410,18502
"90","Tucumán","Moderna 010 mg mL",0,2059,927,0,9655
"90","Tucumán","Moderna ARNm 020 mg mL",0,34701,109375,21452,326061
"90","Tucumán","Moderna Bivariante BA 4 5",0,404,480,0,30011
"90","Tucumán","Pfizer BioNTech Comirnaty",0,118799,102598,246,189280
"90","Tucumán","Pfizer Bivariante BA 4 5",0,11,29,0,64481
"90","Tucumán","Pfizer Pediátrica",0,2181,557,2652,36509
"90","Tucumán","Sinopharm Vacuna SARSCOV 2 inactivada",0,539083,477379,3,943
"90","Tucumán","Sputnik Light",87,0,135,0,5712
"90","Tucumán","Sputnik V COVID19 Instituto Gamaleya",0,431466,325133,4078,78506
