"jurisdiccion_codigo_indec","jurisdiccion_nombre","vacuna_nombre",dosis_unica_cantidad,primera_dosis_cantidad,segunda_dosis_cantidad,dosis_adicional_cantidad,dosis_refuerzo_cantidad
"06","Buenos Aires","AstraZeneca ChAdOx1 S recombinante",0,3648634,4022657,832866,1121844
"06","Buenos Aires","COVISHIELD ChAdOx1nCoV COVID 19",0,251417,383,0,0
"06","Buenos Aires","Cansino Ad5 nCoV",90329,0,7732,1632,110487
"06","Buenos Aires","Moderna 010 mg mL",0,48552,26565,0,157541
"06","Buenos Aires","Moderna ARNm 020 mg mL",0,426816,1263738,3185,4545023
"06","Buenos Aires","Moderna Bivariante BA 4 5",0,0,0,0,7180
"06","Buenos Aires","Pfizer BioNTech Comirnaty",0,1374144,1452107,77612,5404973
"06","Buenos Aires","Pfizer Bivariante BA 4 5",0,0,0,0,173701
"06","Buenos Aires","Pfizer Pediátrica",0,20633,10702,141116,1765
"06","Buenos Aires","Sinopharm Vacuna SARSCOV 2 inactivada",0,5956149,5269190,1662,12157
"06","Buenos Aires","Sputnik Light",156,0,371,0,1526
"06","Buenos Aires","Sputnik V COVID19 Instituto Gamaleya",0,4315830,2693176,6256,859723
"02","CABA","AstraZeneca ChAdOx1 S recombinante",0,728380,763028,204551,506920
"02","CABA","COVISHIELD ChAdOx1nCoV COVID 19",0,65728,197,0,0
"02","CABA","Cansino Ad5 nCoV",29925,0,1673,44,51047
"02","CABA","Moderna 010 mg mL",0,14999,7986,0,60560
"02","CABA","Moderna ARNm 020 mg mL",0,36573,279927,1489,2063900
"02","CABA","Moderna Bivariante BA 4 5",0,0,1,0,521
"02","CABA","Pfizer BioNTech Comirnaty",0,193582,220444,62873,1286034
"02","CABA","Pfizer Bivariante BA 4 5",0,0,1,0,132080
"02","CABA","Pfizer Pediátrica",0,2883,2039,1664,89052
"02","CABA","Sinopharm Vacuna SARSCOV 2 inactivada",0,1019221,967891,1664,5413
"02","CABA","Sputnik Light",70,0,130,0,37
"02","CABA","Sputnik V COVID19 Instituto Gamaleya",0,896672,627499,231,14076
"10","Catamarca","AstraZeneca ChAdOx1 S recombinante",0,86668,86598,18029,59877
"10","Catamarca","COVISHIELD ChAdOx1nCoV COVID 19",0,4821,13,0,0
"10","Catamarca","Cansino Ad5 nCoV",2583,0,1042,328,48436
"10","Catamarca","Moderna 010 mg mL",0,5444,2629,0,12130
"10","Catamarca","Moderna ARNm 020 mg mL",0,7721,24261,403,139337
"10","Catamarca","Moderna Bivariante BA 4 5",0,57,12,0,1558
"10","Catamarca","Pfizer BioNTech Comirnaty",0,33578,30798,863,95322
"10","Catamarca","Pfizer Bivariante BA 4 5",0,0,2,0,5855
"10","Catamarca","Pfizer Pediátrica",0,43,77,51,15264
"10","Catamarca","Sinopharm Vacuna SARSCOV 2 inactivada",0,171464,157490,43,631
"10","Catamarca","Sputnik Light",2,0,1,0,287
"10","Catamarca","Sputnik V COVID19 Instituto Gamaleya",0,96760,73682,1649,29140
"22","Chaco","AstraZeneca ChAdOx1 S recombinante",0,240495,220548,29269,92470
"22","Chaco","COVISHIELD ChAdOx1nCoV COVID 19",0,15550,789,0,0
"22","Chaco","Cansino Ad5 nCoV",11399,0,821,212,21292
"22","Chaco","Moderna 010 mg mL",0,4494,2185,0,14962
"22","Chaco","Moderna ARNm 020 mg mL",0,31706,70223,1400,172431
"22","Chaco","Moderna Bivariante BA 4 5",0,0,3,0,1758
"22","Chaco","Pfizer BioNTech Comirnaty",0,69344,58600,7795,162601
"22","Chaco","Pfizer Bivariante BA 4 5",0,2,4,0,10473
"22","Chaco","Pfizer Pediátrica",0,807,328,251,4173
"22","Chaco","Sinopharm Vacuna SARSCOV 2 inactivada",0,392669,313793,445,3589
"22","Chaco","Sputnik Light",25,0,38,0,187
"22","Chaco","Sputnik V COVID19 Instituto Gamaleya",0,258357,182076,4471,54755
"26","Chubut","AstraZeneca ChAdOx1 S recombinante",0,132915,128773,20527,45917
"26","Chubut","COVISHIELD ChAdOx1nCoV COVID 19",0,11936,662,0,0
"26","Chubut","Cansino Ad5 nCoV",3585,0,366,52,5772
"26","Chubut","Moderna 010 mg mL",0,619,398,0,3535
"26","Chubut","Moderna ARNm 020 mg mL",0,21122,34133,1220,89858
"26","Chubut","Moderna Bivariante BA 4 5",0,0,0,0,1963
"26","Chubut","Pfizer BioNTech Comirnaty",0,33468,40121,4516,146927
"26","Chubut","Pfizer Bivariante BA 4 5",0,1,3,0,7554
"26","Chubut","Pfizer Pediátrica",0,479,229,28,2653
"26","Chubut","Sinopharm Vacuna SARSCOV 2 inactivada",0,173406,142276,174,984
"26","Chubut","Sputnik Light",22,0,26,0,71
"26","Chubut","Sputnik V COVID19 Instituto Gamaleya",0,136828,100187,905,15188
"18","Corrientes","AstraZeneca ChAdOx1 S recombinante",0,194146,186023,17688,161345
"18","Corrientes","COVISHIELD ChAdOx1nCoV COVID 19",0,19893,493,0,0
"18","Corrientes","Cansino Ad5 nCoV",11269,0,288,71,40833
"18","Corrientes","Moderna 010 mg mL",0,10518,4102,0,24092
"18","Corrientes","Moderna ARNm 020 mg mL",0,28283,63279,393,323198
"18","Corrientes","Moderna Bivariante BA 4 5",0,0,1,0,1019
"18","Corrientes","Pfizer BioNTech Comirnaty",0,83374,81528,1794,274762
"18","Corrientes","Pfizer Bivariante BA 4 5",0,1,0,0,15513
"18","Corrientes","Pfizer Pediátrica",0,376,251,262,42557
"18","Corrientes","Sinopharm Vacuna SARSCOV 2 inactivada",0,429093,370177,66,2538
"18","Corrientes","Sputnik Light",0,0,0,0,2
"18","Corrientes","Sputnik V COVID19 Instituto Gamaleya",0,268513,194853,16,48878
"14","Córdoba","AstraZeneca ChAdOx1 S recombinante",0,809358,825091,183920,658738
"14","Córdoba","COVISHIELD ChAdOx1nCoV COVID 19",0,44130,129,0,0
"14","Córdoba","Cansino Ad5 nCoV",38402,0,5736,33,11375
"14","Córdoba","Moderna 010 mg mL",0,7833,4530,0,56979
"14","Córdoba","Moderna ARNm 020 mg mL",0,50355,269005,37,927330
"14","Córdoba","Moderna Bivariante BA 4 5",0,0,0,0,2360
"14","Córdoba","Pfizer BioNTech Comirnaty",0,283920,258704,16564,725210
"14","Córdoba","Pfizer Bivariante BA 4 5",0,0,0,0,34149
"14","Córdoba","Pfizer Pediátrica",0,1770,1106,179,24586
"14","Córdoba","Sinopharm Vacuna SARSCOV 2 inactivada",0,1256647,1144505,512,9128
"14","Córdoba","Sputnik Light",20,0,1,0,2
"14","Córdoba","Sputnik V COVID19 Instituto Gamaleya",0,940042,627733,4081,98748
"30","Entre Ríos","AstraZeneca ChAdOx1 S recombinante",0,292124,287599,72090,179362
"30","Entre Ríos","COVISHIELD ChAdOx1nCoV COVID 19",0,17390,375,0,0
"30","Entre Ríos","Cansino Ad5 nCoV",14039,0,501,14,5341
"30","Entre Ríos","Moderna 010 mg mL",0,2795,1370,0,10684
"30","Entre Ríos","Moderna ARNm 020 mg mL",0,24203,86753,217,288778
"30","Entre Ríos","Moderna Bivariante BA 4 5",0,0,0,0,7
"30","Entre Ríos","Pfizer BioNTech Comirnaty",0,98109,86494,7714,257882
"30","Entre Ríos","Pfizer Bivariante BA 4 5",0,0,3,0,5340
"30","Entre Ríos","Pfizer Pediátrica",0,256,139,51,14664
"30","Entre Ríos","Sinopharm Vacuna SARSCOV 2 inactivada",0,484485,430755,304,1588
"30","Entre Ríos","Sputnik Light",1,0,10,0,100
"30","Entre Ríos","Sputnik V COVID19 Instituto Gamaleya",0,325199,233669,3780,87220
"34","Formosa","AstraZeneca ChAdOx1 S recombinante",0,129567,156267,231065,77251
"34","Formosa","COVISHIELD ChAdOx1nCoV COVID 19",0,7392,8,0,0
"34","Formosa","Cansino Ad5 nCoV",7298,0,3,13,4794
"34","Formosa","Moderna 010 mg mL",0,4712,1721,0,18788
"34","Formosa","Moderna ARNm 020 mg mL",0,40757,9696,155,175066
"34","Formosa","Moderna Bivariante BA 4 5",0,0,0,0,2914
"34","Formosa","Pfizer BioNTech Comirnaty",0,26573,56187,21470,86570
"34","Formosa","Pfizer Bivariante BA 4 5",0,0,0,0,4642
"34","Formosa","Pfizer Pediátrica",0,30,88,117,11473
"34","Formosa","Sinopharm Vacuna SARSCOV 2 inactivada",0,235810,211412,372,445
"34","Formosa","Sputnik V COVID19 Instituto Gamaleya",0,138033,89209,2986,10077
"38","Jujuy","AstraZeneca ChAdOx1 S recombinante",0,165466,159542,31957,52835
"38","Jujuy","COVISHIELD ChAdOx1nCoV COVID 19",0,14040,295,0,0
"38","Jujuy","Cansino Ad5 nCoV",1725,0,1689,36,32587
"38","Jujuy","Moderna 010 mg mL",0,3258,1601,0,13483
"38","Jujuy","Moderna ARNm 020 mg mL",0,26963,43207,1542,201099
"38","Jujuy","Moderna Bivariante BA 4 5",0,0,0,0,3900
"38","Jujuy","Pfizer BioNTech Comirnaty",0,58141,72287,14713,159557
"38","Jujuy","Pfizer Bivariante BA 4 5",0,2,3,0,21263
"38","Jujuy","Pfizer Pediátrica",0,2578,939,181,14603
"38","Jujuy","Sinopharm Vacuna SARSCOV 2 inactivada",0,279499,220419,439,1535
"38","Jujuy","Sputnik Light",16,0,89,0,584
"38","Jujuy","Sputnik V COVID19 Instituto Gamaleya",0,154364,125525,12803,38912
"42","La Pampa","AstraZeneca ChAdOx1 S recombinante",0,69661,76781,37248,46114
"42","La Pampa","COVISHIELD ChAdOx1nCoV COVID 19",0,4602,0,0,0
"42","La Pampa","Cansino Ad5 nCoV",2907,0,0,0,3250
"42","La Pampa","Moderna 010 mg mL",0,655,323,0,2990
"42","La Pampa","Moderna ARNm 020 mg mL",0,6368,26206,0,125959
"42","La Pampa","Moderna Bivariante BA 4 5",0,0,0,0,410
"42","La Pampa","Pfizer BioNTech Comirnaty",0,27758,27440,4685,142622
"42","La Pampa","Pfizer Bivariante BA 4 5",0,0,1,0,4506
"42","La Pampa","Pfizer Pediátrica",0,199,113,0,5916
"42","La Pampa","Sinopharm Vacuna SARSCOV 2 inactivada",0,136128,131036,0,8
"42","La Pampa","Sputnik Light",7,0,0,0,127
"42","La Pampa","Sputnik V COVID19 Instituto Gamaleya",0,89679,62255,330,20219
"46","La Rioja","AstraZeneca ChAdOx1 S recombinante",0,78776,79587,21299,30531
"46","La Rioja","COVISHIELD ChAdOx1nCoV COVID 19",0,7271,126,0,0
"46","La Rioja","Cansino Ad5 nCoV",3153,0,52,0,4426
"46","La Rioja","Moderna 010 mg mL",0,1503,655,0,5622
"46","La Rioja","Moderna ARNm 020 mg mL",0,10482,27025,1892,113150
"46","La Rioja","Moderna Bivariante BA 4 5",0,0,0,0,6
"46","La Rioja","Pfizer BioNTech Comirnaty",0,30346,35367,10361,104873
"46","La Rioja","Pfizer Bivariante BA 4 5",0,0,1,0,3375
"46","La Rioja","Pfizer Pediátrica",0,59,51,427,5811
"46","La Rioja","Sinopharm Vacuna SARSCOV 2 inactivada",0,140883,126536,56,552
"46","La Rioja","Sputnik Light",1,0,5,0,332
"46","La Rioja","Sputnik V COVID19 Instituto Gamaleya",0,95128,70099,4327,30352
"50","Mendoza","AstraZeneca ChAdOx1 S recombinante",0,442225,432640,43462,290123
"50","Mendoza","COVISHIELD ChAdOx1nCoV COVID 19",0,25680,475,0,0
"50","Mendoza","Cansino Ad5 nCoV",11543,0,1840,52,41962
"50","Mendoza","Moderna 010 mg mL",0,11528,6406,0,32556
"50","Mendoza","Moderna ARNm 020 mg mL",0,31982,146539,185,392376
"50","Mendoza","Moderna Bivariante BA 4 5",0,4,12,0,5923
"50","Mendoza","Pfizer BioNTech Comirnaty",0,152583,155191,6846,412761
"50","Mendoza","Pfizer Bivariante BA 4 5",0,5,24,0,29687
"50","Mendoza","Pfizer Pediátrica",0,4202,1156,50,21952
"50","Mendoza","Sinopharm Vacuna SARSCOV 2 inactivada",0,615498,529232,296,2335
"50","Mendoza","Sputnik Light",38,0,75,0,218
"50","Mendoza","Sputnik V COVID19 Instituto Gamaleya",0,473587,301202,3161,119906
"54","Misiones","AstraZeneca ChAdOx1 S recombinante",0,228263,242189,87976,63104
"54","Misiones","COVISHIELD ChAdOx1nCoV COVID 19",0,16881,821,0,0
"54","Misiones","Cansino Ad5 nCoV",7624,0,98,49,756
"54","Misiones","Moderna 010 mg mL",0,2096,832,0,3242
"54","Misiones","Moderna ARNm 020 mg mL",0,43324,56471,1049,47422
"54","Misiones","Moderna Bivariante BA 4 5",0,0,0,0,215
"54","Misiones","Pfizer BioNTech Comirnaty",0,62019,63795,15127,147525
"54","Misiones","Pfizer Bivariante BA 4 5",0,0,0,0,8411
"54","Misiones","Pfizer Pediátrica",0,2110,748,226,2478
"54","Misiones","Sinopharm Vacuna SARSCOV 2 inactivada",0,350747,279516,1075,5695
"54","Misiones","Sputnik Light",3,0,1,0,11
"54","Misiones","Sputnik V COVID19 Instituto Gamaleya",0,258052,175578,27760,52798
"58","Neuquén","AstraZeneca ChAdOx1 S recombinante",0,142541,146511,24443,72723
"58","Neuquén","COVISHIELD ChAdOx1nCoV COVID 19",0,12840,66,0,0
"58","Neuquén","Cansino Ad5 nCoV",10570,0,2442,1,57604
"58","Neuquén","Moderna 010 mg mL",0,1807,959,0,6738
"58","Neuquén","Moderna ARNm 020 mg mL",0,14501,45802,67,146315
"58","Neuquén","Moderna Bivariante BA 4 5",0,1,0,0,1962
"58","Neuquén","Pfizer BioNTech Comirnaty",0,51086,47792,3326,144637
"58","Neuquén","Pfizer Bivariante BA 4 5",0,1,5,0,9375
"58","Neuquén","Pfizer Pediátrica",0,391,194,26,3905
"58","Neuquén","Sinopharm Vacuna SARSCOV 2 inactivada",0,236380,212233,87,606
"58","Neuquén","Sputnik Light",44,0,66,0,77
"58","Neuquén","Sputnik V COVID19 Instituto Gamaleya",0,173008,125480,1716,56219
"62","Río Negro","AstraZeneca ChAdOx1 S recombinante",0,147376,155879,38870,62870
"62","Río Negro","COVISHIELD ChAdOx1nCoV COVID 19",0,14016,95,0,0
"62","Río Negro","Cansino Ad5 nCoV",4125,0,637,42,12309
"62","Río Negro","Moderna 010 mg mL",0,1753,991,0,8732
"62","Río Negro","Moderna ARNm 020 mg mL",0,11833,54114,6624,174918
"62","Río Negro","Moderna Bivariante BA 4 5",0,0,1,0,3756
"62","Río Negro","Pfizer BioNTech Comirnaty",0,55692,53710,26623,160936
"62","Río Negro","Pfizer Bivariante BA 4 5",0,0,3,0,11039
"62","Río Negro","Pfizer Pediátrica",0,806,321,38,4434
"62","Río Negro","Sinopharm Vacuna SARSCOV 2 inactivada",0,277825,245909,588,1929
"62","Río Negro","Sputnik V COVID19 Instituto Gamaleya",0,177614,118007,16148,37564
"66","Salta","AstraZeneca ChAdOx1 S recombinante",0,312045,276721,23081,25807
"66","Salta","COVISHIELD ChAdOx1nCoV COVID 19",0,18001,73,0,0
"66","Salta","Cansino Ad5 nCoV",3914,0,257,476,8518
"66","Salta","Moderna 010 mg mL",0,5685,2201,0,22224
"66","Salta","Moderna ARNm 020 mg mL",0,36745,100476,4504,306859
"66","Salta","Moderna Bivariante BA 4 5",0,1,3,0,8452
"66","Salta","Pfizer BioNTech Comirnaty",0,104943,111373,17422,294037
"66","Salta","Pfizer Bivariante BA 4 5",0,1,16,0,24328
"66","Salta","Pfizer Pediátrica",0,3303,1116,53,7424
"66","Salta","Sinopharm Vacuna SARSCOV 2 inactivada",0,418729,341826,277,1205
"66","Salta","Sputnik Light",82,0,220,0,2973
"66","Salta","Sputnik V COVID19 Instituto Gamaleya",0,300411,206463,10559,58405
"70","San Juan","AstraZeneca ChAdOx1 S recombinante",0,157681,165582,24464,55994
"70","San Juan","COVISHIELD ChAdOx1nCoV COVID 19",0,8867,13,0,0
"70","San Juan","Cansino Ad5 nCoV",7285,0,1225,362,32360
"70","San Juan","Moderna 010 mg mL",0,2601,1398,0,13882
"70","San Juan","Moderna ARNm 020 mg mL",0,19523,45060,665,126698
"70","San Juan","Moderna Bivariante BA 4 5",0,0,0,0,3193
"70","San Juan","Pfizer BioNTech Comirnaty",0,58685,52680,7353,137668
"70","San Juan","Pfizer Bivariante BA 4 5",0,0,0,0,7391
"70","San Juan","Pfizer Pediátrica",0,582,325,2,9717
"70","San Juan","Sinopharm Vacuna SARSCOV 2 inactivada",0,263930,238266,53,444
"70","San Juan","Sputnik Light",33,0,61,0,238
"70","San Juan","Sputnik V COVID19 Instituto Gamaleya",0,197696,137059,6125,53046
"74","San Luis","AstraZeneca ChAdOx1 S recombinante",0,99369,106949,37239,55032
"74","San Luis","COVISHIELD ChAdOx1nCoV COVID 19",0,6829,0,0,0
"74","San Luis","Cansino Ad5 nCoV",6221,0,936,1,30832
"74","San Luis","Moderna 010 mg mL",0,596,232,0,5089
"74","San Luis","Moderna ARNm 020 mg mL",0,9275,32213,430,162171
"74","San Luis","Moderna Bivariante BA 4 5",0,0,0,0,805
"74","San Luis","Pfizer BioNTech Comirnaty",0,38695,37195,12270,180414
"74","San Luis","Pfizer Bivariante BA 4 5",0,0,0,0,2675
"74","San Luis","Pfizer Pediátrica",0,110,53,6,16479
"74","San Luis","Sinopharm Vacuna SARSCOV 2 inactivada",0,174550,165841,22,488
"74","San Luis","Sputnik Light",1,0,4,0,34
"74","San Luis","Sputnik V COVID19 Instituto Gamaleya",0,126859,93033,306,29918
"78","Santa Cruz","AstraZeneca ChAdOx1 S recombinante",0,65262,65133,8993,31138
"78","Santa Cruz","COVISHIELD ChAdOx1nCoV COVID 19",0,6017,730,0,0
"78","Santa Cruz","Cansino Ad5 nCoV",2350,0,90,1,2674
"78","Santa Cruz","Moderna 010 mg mL",0,824,342,0,2042
"78","Santa Cruz","Moderna ARNm 020 mg mL",0,9721,20450,121,66925
"78","Santa Cruz","Moderna Bivariante BA 4 5",0,0,0,0,201
"78","Santa Cruz","Pfizer BioNTech Comirnaty",0,24267,26048,7683,70194
"78","Santa Cruz","Pfizer Bivariante BA 4 5",0,0,5,0,4973
"78","Santa Cruz","Pfizer Pediátrica",0,115,71,12,3247
"78","Santa Cruz","Sinopharm Vacuna SARSCOV 2 inactivada",0,106309,94007,80,655
"78","Santa Cruz","Sputnik Light",9,0,22,0,292
"78","Santa Cruz","Sputnik V COVID19 Instituto Gamaleya",0,91649,68974,3135,23723
"82","Santa Fe","AstraZeneca ChAdOx1 S recombinante",0,761873,775005,248702,287952
"82","Santa Fe","COVISHIELD ChAdOx1nCoV COVID 19",0,41488,58,0,0
"82","Santa Fe","Cansino Ad5 nCoV",26555,0,179,29,2109
"82","Santa Fe","Moderna 010 mg mL",0,12767,6409,0,40614
"82","Santa Fe","Moderna ARNm 020 mg mL",0,47428,258474,14226,1455134
"82","Santa Fe","Moderna Bivariante BA 4 5",0,6,7,0,7359
"82","Santa Fe","Pfizer BioNTech Comirnaty",0,269382,262498,133662,1024002
"82","Santa Fe","Pfizer Bivariante BA 4 5",0,0,0,0,38274
"82","Santa Fe","Pfizer Pediátrica",0,527,277,1224,23757
"82","Santa Fe","Sinopharm Vacuna SARSCOV 2 inactivada",0,1182653,1104092,649,3284
"82","Santa Fe","Sputnik Light",75,0,148,0,1047
"82","Santa Fe","Sputnik V COVID19 Instituto Gamaleya",0,921754,648264,7664,122968
"86","Santiago del Estero","AstraZeneca ChAdOx1 S recombinante",0,212190,211907,49262,120810
"86","Santiago del Estero","COVISHIELD ChAdOx1nCoV COVID 19",0,11969,1316,0,0
"86","Santiago del Estero","Cansino Ad5 nCoV",17415,0,974,5207,75529
"86","Santiago del Estero","Moderna 010 mg mL",0,3975,1527,0,15313
"86","Santiago del Estero","Moderna ARNm 020 mg mL",0,11692,72824,1596,219500
"86","Santiago del Estero","Moderna Bivariante BA 4 5",0,0,0,0,702
"86","Santiago del Estero","Pfizer BioNTech Comirnaty",0,97073,91126,3753,131168
"86","Santiago del Estero","Pfizer Bivariante BA 4 5",0,0,16,0,7067
"86","Santiago del Estero","Pfizer Pediátrica",0,94,81,39,18352
"86","Santiago del Estero","Sinopharm Vacuna SARSCOV 2 inactivada",1,399140,370918,316,1501
"86","Santiago del Estero","Sputnik Light",1,0,1,0,30
"86","Santiago del Estero","Sputnik V COVID19 Instituto Gamaleya",0,229229,157049,14756,61687
"94","Tierra del Fuego","AstraZeneca ChAdOx1 S recombinante",0,35152,35552,6892,21436
"94","Tierra del Fuego","COVISHIELD ChAdOx1nCoV COVID 19",0,2740,758,0,0
"94","Tierra del Fuego","Cansino Ad5 nCoV",349,0,126,17,3138
"94","Tierra del Fuego","Moderna 010 mg mL",0,454,199,0,1118
"94","Tierra del Fuego","Moderna ARNm 020 mg mL",0,2417,12892,210,42893
"94","Tierra del Fuego","Moderna Bivariante BA 4 5",0,0,0,0,567
"94","Tierra del Fuego","Pfizer BioNTech Comirnaty",0,14517,13713,944,33826
"94","Tierra del Fuego","Pfizer Bivariante BA 4 5",0,6,2,0,3219
"94","Tierra del Fuego","Pfizer Pediátrica",0,123,54,10,3302
"94","Tierra del Fuego","Sinopharm Vacuna SARSCOV 2 inactivada",0,58526,53880,24,211
"94","Tierra del Fuego","Sputnik Light",3,0,3,0,0
"94","Tierra del Fuego","Sputnik V COVID19 Instituto Gamaleya",0,44858,30845,539,7487
"90","Tucumán","AstraZeneca ChAdOx1 S recombinante",0,352979,331936,43755,190791
"90","Tucumán","COVISHIELD ChAdOx1nCoV COVID 19",0,20654,87,0,0
"90","Tucumán","Cansino Ad5 nCoV",7717,0,69,1410,18403
"90","Tucumán","Moderna 010 mg mL",0,1753,686,0,6110
"90","Tucumán","Moderna ARNm 020 mg mL",0,34673,109327,21452,324170
"90","Tucumán","Moderna Bivariante BA 4 5",0,0,0,0,230
"90","Tucumán","Pfizer BioNTech Comirnaty",0,118777,102532,246,188700
"90","Tucumán","Pfizer Bivariante BA 4 5",0,0,0,0,16063
"90","Tucumán","Pfizer Pediátrica",0,2178,550,2650,36045
"90","Tucumán","Sinopharm Vacuna SARSCOV 2 inactivada",0,538912,476909,3,816
"90","Tucumán","Sputnik Light",35,0,67,0,2297
"90","Tucumán","Sputnik V COVID19 Instituto Gamaleya",0,431448,325083,4078,78438
