"jurisdiccion_codigo_indec","jurisdiccion_nombre","vacuna_nombre",primera_dosis_cantidad,segunda_dosis_cantidad
"06","Buenos Aires","AstraZeneca ChAdOx1 S recombinante",3363539,2739679
"06","Buenos Aires","COVISHIELD ChAdOx1nCoV COVID 19",250985,320
"06","Buenos Aires","Cansino Ad5 nCoV",77,0
"06","Buenos Aires","Moderna ARNm",187925,823966
"06","Buenos Aires","Sinopharm Vacuna SARSCOV 2 inactivada",3499505,2525269
"06","Buenos Aires","Sputnik V COVID19 Instituto Gamaleya",3922191,1783095
"02","CABA","AstraZeneca ChAdOx1 S recombinante",659095,607578
"02","CABA","COVISHIELD ChAdOx1nCoV COVID 19",65234,183
"02","CABA","Cansino Ad5 nCoV",23227,0
"02","CABA","Moderna ARNm",18721,238843
"02","CABA","Pfizer BioNTech Comirnaty",0,5372
"02","CABA","Sinopharm Vacuna SARSCOV 2 inactivada",655659,585502
"02","CABA","Sputnik V COVID19 Instituto Gamaleya",866100,382980
"10","Catamarca","AstraZeneca ChAdOx1 S recombinante",84398,53491
"10","Catamarca","COVISHIELD ChAdOx1nCoV COVID 19",4745,4
"10","Catamarca","Cansino Ad5 nCoV",84,0
"10","Catamarca","Moderna ARNm",4952,18644
"10","Catamarca","Sinopharm Vacuna SARSCOV 2 inactivada",107638,47042
"10","Catamarca","Sputnik V COVID19 Instituto Gamaleya",92881,42851
"22","Chaco","AstraZeneca ChAdOx1 S recombinante",221218,149524
"22","Chaco","COVISHIELD ChAdOx1nCoV COVID 19",15350,591
"22","Chaco","Moderna ARNm",21333,37737
"22","Chaco","Pfizer BioNTech Comirnaty",949,7
"22","Chaco","Sinopharm Vacuna SARSCOV 2 inactivada",205443,124843
"22","Chaco","Sputnik V COVID19 Instituto Gamaleya",232666,99703
"26","Chubut","AstraZeneca ChAdOx1 S recombinante",119815,88367
"26","Chubut","COVISHIELD ChAdOx1nCoV COVID 19",11733,613
"26","Chubut","Moderna ARNm",6889,19788
"26","Chubut","Sinopharm Vacuna SARSCOV 2 inactivada",101021,72388
"26","Chubut","Sputnik V COVID19 Instituto Gamaleya",128100,60445
"18","Corrientes","AstraZeneca ChAdOx1 S recombinante",170961,122111
"18","Corrientes","COVISHIELD ChAdOx1nCoV COVID 19",19679,391
"18","Corrientes","Moderna ARNm",22288,42358
"18","Corrientes","Pfizer BioNTech Comirnaty",1559,3
"18","Corrientes","Sinopharm Vacuna SARSCOV 2 inactivada",246402,144633
"18","Corrientes","Sputnik V COVID19 Instituto Gamaleya",240427,96665
"14","Córdoba","AstraZeneca ChAdOx1 S recombinante",758165,618431
"14","Córdoba","COVISHIELD ChAdOx1nCoV COVID 19",43862,73
"14","Córdoba","Cansino Ad5 nCoV",1026,0
"14","Córdoba","Moderna ARNm",30426,214972
"14","Córdoba","Pfizer BioNTech Comirnaty",5887,0
"14","Córdoba","Sinopharm Vacuna SARSCOV 2 inactivada",758100,636595
"14","Córdoba","Sputnik V COVID19 Instituto Gamaleya",866394,391211
"30","Entre Ríos","AstraZeneca ChAdOx1 S recombinante",264546,183064
"30","Entre Ríos","COVISHIELD ChAdOx1nCoV COVID 19",17193,331
"30","Entre Ríos","Cansino Ad5 nCoV",230,0
"30","Entre Ríos","Moderna ARNm",9473,54206
"30","Entre Ríos","Sinopharm Vacuna SARSCOV 2 inactivada",284187,201449
"30","Entre Ríos","Sputnik V COVID19 Instituto Gamaleya",289714,122212
"34","Formosa","AstraZeneca ChAdOx1 S recombinante",116827,98969
"34","Formosa","COVISHIELD ChAdOx1nCoV COVID 19",7346,1
"34","Formosa","Moderna ARNm",38531,3604
"34","Formosa","Sinopharm Vacuna SARSCOV 2 inactivada",136119,105526
"34","Formosa","Sputnik V COVID19 Instituto Gamaleya",128195,59624
"38","Jujuy","AstraZeneca ChAdOx1 S recombinante",158807,107366
"38","Jujuy","COVISHIELD ChAdOx1nCoV COVID 19",13971,286
"38","Jujuy","Moderna ARNm",11985,15455
"38","Jujuy","Sinopharm Vacuna SARSCOV 2 inactivada",165511,92109
"38","Jujuy","Sputnik V COVID19 Instituto Gamaleya",152041,83788
"42","La Pampa","AstraZeneca ChAdOx1 S recombinante",66443,68757
"42","La Pampa","COVISHIELD ChAdOx1nCoV COVID 19",4569,0
"42","La Pampa","Cansino Ad5 nCoV",1853,0
"42","La Pampa","Moderna ARNm",4032,23505
"42","La Pampa","Pfizer BioNTech Comirnaty",985,0
"42","La Pampa","Sinopharm Vacuna SARSCOV 2 inactivada",79817,74194
"42","La Pampa","Sputnik V COVID19 Instituto Gamaleya",84614,42450
"46","La Rioja","AstraZeneca ChAdOx1 S recombinante",74398,58432
"46","La Rioja","COVISHIELD ChAdOx1nCoV COVID 19",7204,108
"46","La Rioja","Cansino Ad5 nCoV",26,0
"46","La Rioja","Moderna ARNm",8596,21983
"46","La Rioja","Pfizer BioNTech Comirnaty",717,8
"46","La Rioja","Sinopharm Vacuna SARSCOV 2 inactivada",84353,69762
"46","La Rioja","Sputnik V COVID19 Instituto Gamaleya",91773,42022
"50","Mendoza","AstraZeneca ChAdOx1 S recombinante",397134,315377
"50","Mendoza","COVISHIELD ChAdOx1nCoV COVID 19",25177,406
"50","Mendoza","Moderna ARNm",8823,112038
"50","Mendoza","Sinopharm Vacuna SARSCOV 2 inactivada",349812,250627
"50","Mendoza","Sputnik V COVID19 Instituto Gamaleya",433447,202051
"54","Misiones","AstraZeneca ChAdOx1 S recombinante",204130,168687
"54","Misiones","COVISHIELD ChAdOx1nCoV COVID 19",16609,790
"54","Misiones","Moderna ARNm",31537,31571
"54","Misiones","Sinopharm Vacuna SARSCOV 2 inactivada",169551,95522
"54","Misiones","Sputnik V COVID19 Instituto Gamaleya",224167,90912
"58","Neuquén","AstraZeneca ChAdOx1 S recombinante",135794,99510
"58","Neuquén","COVISHIELD ChAdOx1nCoV COVID 19",12761,58
"58","Neuquén","Cansino Ad5 nCoV",1137,0
"58","Neuquén","Moderna ARNm",10840,33784
"58","Neuquén","Pfizer BioNTech Comirnaty",825,0
"58","Neuquén","Sinopharm Vacuna SARSCOV 2 inactivada",137659,106964
"58","Neuquén","Sputnik V COVID19 Instituto Gamaleya",149593,70503
"62","Río Negro","AstraZeneca ChAdOx1 S recombinante",138518,118994
"62","Río Negro","COVISHIELD ChAdOx1nCoV COVID 19",13963,89
"62","Río Negro","Moderna ARNm",7370,40495
"62","Río Negro","Pfizer BioNTech Comirnaty",897,0
"62","Río Negro","Sinopharm Vacuna SARSCOV 2 inactivada",172339,125984
"62","Río Negro","Sputnik V COVID19 Instituto Gamaleya",165998,79501
"66","Salta","AstraZeneca ChAdOx1 S recombinante",289548,178886
"66","Salta","COVISHIELD ChAdOx1nCoV COVID 19",17836,52
"66","Salta","Moderna ARNm",13762,55333
"66","Salta","Pfizer BioNTech Comirnaty",232,0
"66","Salta","Sinopharm Vacuna SARSCOV 2 inactivada",199176,114027
"66","Salta","Sputnik V COVID19 Instituto Gamaleya",283270,126153
"70","San Juan","AstraZeneca ChAdOx1 S recombinante",144349,128347
"70","San Juan","COVISHIELD ChAdOx1nCoV COVID 19",8809,12
"70","San Juan","Cansino Ad5 nCoV",30,0
"70","San Juan","Moderna ARNm",10621,31819
"70","San Juan","Pfizer BioNTech Comirnaty",959,1
"70","San Juan","Sinopharm Vacuna SARSCOV 2 inactivada",146504,128295
"70","San Juan","Sputnik V COVID19 Instituto Gamaleya",187885,83218
"74","San Luis","AstraZeneca ChAdOx1 S recombinante",97086,94707
"74","San Luis","COVISHIELD ChAdOx1nCoV COVID 19",6830,0
"74","San Luis","Cansino Ad5 nCoV",2302,0
"74","San Luis","Moderna ARNm",7221,26105
"74","San Luis","Pfizer BioNTech Comirnaty",1150,0
"74","San Luis","Sinopharm Vacuna SARSCOV 2 inactivada",104207,100374
"74","San Luis","Sputnik V COVID19 Instituto Gamaleya",117539,58873
"78","Santa Cruz","AstraZeneca ChAdOx1 S recombinante",55873,41584
"78","Santa Cruz","COVISHIELD ChAdOx1nCoV COVID 19",5909,713
"78","Santa Cruz","Cansino Ad5 nCoV",198,0
"78","Santa Cruz","Moderna ARNm",3521,11719
"78","Santa Cruz","Pfizer BioNTech Comirnaty",880,7
"78","Santa Cruz","Sinopharm Vacuna SARSCOV 2 inactivada",56348,45185
"78","Santa Cruz","Sputnik V COVID19 Instituto Gamaleya",84549,39004
"82","Santa Fe","AstraZeneca ChAdOx1 S recombinante",739203,599114
"82","Santa Fe","COVISHIELD ChAdOx1nCoV COVID 19",41211,52
"82","Santa Fe","Cansino Ad5 nCoV",48,0
"82","Santa Fe","Moderna ARNm",27278,211240
"82","Santa Fe","Sinopharm Vacuna SARSCOV 2 inactivada",719074,602430
"82","Santa Fe","Sputnik V COVID19 Instituto Gamaleya",839438,377062
"86","Santiago del Estero","AstraZeneca ChAdOx1 S recombinante",202988,149263
"86","Santiago del Estero","COVISHIELD ChAdOx1nCoV COVID 19",11847,1141
"86","Santiago del Estero","Cansino Ad5 nCoV",388,0
"86","Santiago del Estero","Moderna ARNm",5871,53957
"86","Santiago del Estero","Pfizer BioNTech Comirnaty",1712,6
"86","Santiago del Estero","Sinopharm Vacuna SARSCOV 2 inactivada",229775,161583
"86","Santiago del Estero","Sputnik V COVID19 Instituto Gamaleya",210906,98873
"94","Tierra del Fuego","AstraZeneca ChAdOx1 S recombinante",31946,29168
"94","Tierra del Fuego","COVISHIELD ChAdOx1nCoV COVID 19",2724,748
"94","Tierra del Fuego","Moderna ARNm",807,10477
"94","Tierra del Fuego","Sinopharm Vacuna SARSCOV 2 inactivada",35478,29045
"94","Tierra del Fuego","Sputnik V COVID19 Instituto Gamaleya",42637,20316
"90","Tucumán","AstraZeneca ChAdOx1 S recombinante",289478,255683
"90","Tucumán","COVISHIELD ChAdOx1nCoV COVID 19",20535,57
"90","Tucumán","Moderna ARNm",14358,68160
"90","Tucumán","Sinopharm Vacuna SARSCOV 2 inactivada",314655,226990
"90","Tucumán","Sputnik V COVID19 Instituto Gamaleya",379365,163124
