"jurisdiccion_codigo_indec","jurisdiccion_nombre","vacuna_nombre",dosis_unica_cantidad,primera_dosis_cantidad,segunda_dosis_cantidad,dosis_adicional_cantidad,dosis_refuerzo_cantidad
"06","Buenos Aires","AstraZeneca ChAdOx1 S recombinante",0,3644767,4016177,833734,1010445
"06","Buenos Aires","COVISHIELD ChAdOx1nCoV COVID 19",0,251383,378,0,0
"06","Buenos Aires","Cansino Ad5 nCoV",87580,0,1180,1528,36640
"06","Buenos Aires","Moderna ARNm",0,390811,1151019,3185,936011
"06","Buenos Aires","Pfizer BioNTech Comirnaty",0,1334992,1335780,77768,3697859
"06","Buenos Aires","Pfizer Pediátrica",0,5582,146,129,0
"06","Buenos Aires","Sinopharm Vacuna SARSCOV 2 inactivada",0,5900823,5097680,1673,4148
"06","Buenos Aires","Sputnik V COVID19 Instituto Gamaleya",0,4304859,2688664,6269,785773
"02","CABA","AstraZeneca ChAdOx1 S recombinante",0,725557,758639,204707,431764
"02","CABA","COVISHIELD ChAdOx1nCoV COVID 19",0,65485,190,0,0
"02","CABA","Cansino Ad5 nCoV",28792,0,107,45,44626
"02","CABA","Moderna ARNm",0,23509,256357,1483,340115
"02","CABA","Pfizer BioNTech Comirnaty",0,186847,206537,62906,901764
"02","CABA","Pfizer Pediátrica",0,407,9,4,0
"02","CABA","Sinopharm Vacuna SARSCOV 2 inactivada",0,1006578,942187,1637,4126
"02","CABA","Sputnik V COVID19 Instituto Gamaleya",0,895638,625156,234,4060
"10","Catamarca","AstraZeneca ChAdOx1 S recombinante",0,86509,85987,18076,43076
"10","Catamarca","COVISHIELD ChAdOx1nCoV COVID 19",0,4818,10,0,0
"10","Catamarca","Cansino Ad5 nCoV",2301,0,655,328,26323
"10","Catamarca","Moderna ARNm",0,7476,23277,403,16856
"10","Catamarca","Pfizer BioNTech Comirnaty",0,32939,28241,873,31461
"10","Catamarca","Pfizer Pediátrica",0,0,1,0,0
"10","Catamarca","Sinopharm Vacuna SARSCOV 2 inactivada",0,169147,151610,45,222
"10","Catamarca","Sputnik V COVID19 Instituto Gamaleya",0,96620,73193,1665,21129
"22","Chaco","AstraZeneca ChAdOx1 S recombinante",0,238889,217452,29275,73545
"22","Chaco","COVISHIELD ChAdOx1nCoV COVID 19",0,15518,764,0,0
"22","Chaco","Cansino Ad5 nCoV",9623,0,214,206,5197
"22","Chaco","Moderna ARNm",0,29320,65132,1403,43490
"22","Chaco","Pfizer BioNTech Comirnaty",0,65877,51904,7770,93478
"22","Chaco","Pfizer Pediátrica",0,149,9,9,0
"22","Chaco","Sinopharm Vacuna SARSCOV 2 inactivada",0,381529,291543,443,1603
"22","Chaco","Sputnik V COVID19 Instituto Gamaleya",0,257551,180326,4475,48260
"26","Chubut","AstraZeneca ChAdOx1 S recombinante",0,132393,127669,20585,37407
"26","Chubut","COVISHIELD ChAdOx1nCoV COVID 19",0,11873,650,0,0
"26","Chubut","Cansino Ad5 nCoV",2884,0,163,53,2182
"26","Chubut","Moderna ARNm",0,20037,31741,1217,21994
"26","Chubut","Pfizer BioNTech Comirnaty",0,32012,36296,4499,73618
"26","Chubut","Pfizer Pediátrica",0,112,4,0,0
"26","Chubut","Sinopharm Vacuna SARSCOV 2 inactivada",0,171376,136852,176,413
"26","Chubut","Sputnik V COVID19 Instituto Gamaleya",0,136646,99769,907,13425
"18","Corrientes","AstraZeneca ChAdOx1 S recombinante",0,193423,183491,17691,118255
"18","Corrientes","COVISHIELD ChAdOx1nCoV COVID 19",0,19874,468,0,0
"18","Corrientes","Cansino Ad5 nCoV",10000,0,119,71,18562
"18","Corrientes","Moderna ARNm",0,27196,59065,393,46306
"18","Corrientes","Pfizer BioNTech Comirnaty",0,82062,75968,1792,151022
"18","Corrientes","Pfizer Pediátrica",0,35,2,0,0
"18","Corrientes","Sinopharm Vacuna SARSCOV 2 inactivada",0,422404,350571,66,954
"18","Corrientes","Sputnik V COVID19 Instituto Gamaleya",0,267572,192048,16,21292
"14","Córdoba","AstraZeneca ChAdOx1 S recombinante",0,807509,820079,184825,555135
"14","Córdoba","COVISHIELD ChAdOx1nCoV COVID 19",0,44133,128,0,0
"14","Córdoba","Cansino Ad5 nCoV",36167,0,178,32,7572
"14","Córdoba","Moderna ARNm",0,43335,255438,36,136892
"14","Córdoba","Pfizer BioNTech Comirnaty",0,279355,226928,16739,511796
"14","Córdoba","Pfizer Pediátrica",0,764,24,0,0
"14","Córdoba","Sinopharm Vacuna SARSCOV 2 inactivada",0,1242000,1111967,537,6405
"14","Córdoba","Sputnik V COVID19 Instituto Gamaleya",0,939210,626581,4092,94771
"30","Entre Ríos","AstraZeneca ChAdOx1 S recombinante",0,291160,285411,72087,149937
"30","Entre Ríos","COVISHIELD ChAdOx1nCoV COVID 19",0,17343,363,0,0
"30","Entre Ríos","Cansino Ad5 nCoV",13178,0,328,14,616
"30","Entre Ríos","Moderna ARNm",0,22945,83504,214,49572
"30","Entre Ríos","Pfizer BioNTech Comirnaty",0,96248,82034,7702,170563
"30","Entre Ríos","Pfizer Pediátrica",0,23,2,0,0
"30","Entre Ríos","Sinopharm Vacuna SARSCOV 2 inactivada",0,477877,413510,305,793
"30","Entre Ríos","Sputnik V COVID19 Instituto Gamaleya",0,323861,230759,3782,53869
"34","Formosa","AstraZeneca ChAdOx1 S recombinante",0,129280,155767,231070,59151
"34","Formosa","COVISHIELD ChAdOx1nCoV COVID 19",0,7385,8,0,0
"34","Formosa","Cansino Ad5 nCoV",6778,0,0,13,324
"34","Formosa","Moderna ARNm",0,40003,7386,155,6091
"34","Formosa","Pfizer BioNTech Comirnaty",0,26215,55078,21471,18786
"34","Formosa","Sinopharm Vacuna SARSCOV 2 inactivada",0,233461,205947,373,444
"34","Formosa","Sputnik V COVID19 Instituto Gamaleya",0,138044,89035,2987,7516
"38","Jujuy","AstraZeneca ChAdOx1 S recombinante",0,164956,157635,31960,38954
"38","Jujuy","COVISHIELD ChAdOx1nCoV COVID 19",0,14021,289,0,0
"38","Jujuy","Cansino Ad5 nCoV",482,0,52,16,2049
"38","Jujuy","Moderna ARNm",0,24943,36377,1539,17582
"38","Jujuy","Pfizer BioNTech Comirnaty",0,55418,62899,14598,81084
"38","Jujuy","Pfizer Pediátrica",0,666,6,0,0
"38","Jujuy","Sinopharm Vacuna SARSCOV 2 inactivada",0,274095,204965,443,465
"38","Jujuy","Sputnik V COVID19 Instituto Gamaleya",0,154247,125328,12802,37682
"42","La Pampa","AstraZeneca ChAdOx1 S recombinante",0,69203,76427,37280,38610
"42","La Pampa","COVISHIELD ChAdOx1nCoV COVID 19",0,4579,0,0,0
"42","La Pampa","Cansino Ad5 nCoV",2879,0,0,0,0
"42","La Pampa","Moderna ARNm",0,6048,25660,0,26277
"42","La Pampa","Pfizer BioNTech Comirnaty",0,27488,26837,4686,101401
"42","La Pampa","Pfizer Pediátrica",0,95,0,0,0
"42","La Pampa","Sinopharm Vacuna SARSCOV 2 inactivada",0,135141,129154,0,0
"42","La Pampa","Sputnik V COVID19 Instituto Gamaleya",0,89485,61865,332,14746
"46","La Rioja","AstraZeneca ChAdOx1 S recombinante",0,78550,79047,21304,17926
"46","La Rioja","COVISHIELD ChAdOx1nCoV COVID 19",0,7251,120,0,0
"46","La Rioja","Cansino Ad5 nCoV",3075,0,2,0,9
"46","La Rioja","Moderna ARNm",0,10188,25970,1893,25159
"46","La Rioja","Pfizer BioNTech Comirnaty",0,30018,34293,10355,71479
"46","La Rioja","Pfizer Pediátrica",0,0,2,0,0
"46","La Rioja","Sinopharm Vacuna SARSCOV 2 inactivada",0,139229,123255,57,251
"46","La Rioja","Sputnik V COVID19 Instituto Gamaleya",0,95014,69867,4332,22807
"50","Mendoza","AstraZeneca ChAdOx1 S recombinante",0,438290,424140,43492,207280
"50","Mendoza","COVISHIELD ChAdOx1nCoV COVID 19",0,25636,458,0,0
"50","Mendoza","Cansino Ad5 nCoV",10108,0,799,52,7820
"50","Mendoza","Moderna ARNm",0,27526,136182,184,36560
"50","Mendoza","Pfizer BioNTech Comirnaty",0,147635,144549,6860,272445
"50","Mendoza","Pfizer Pediátrica",0,604,18,1,0
"50","Mendoza","Sinopharm Vacuna SARSCOV 2 inactivada",0,606778,499557,306,1394
"50","Mendoza","Sputnik V COVID19 Instituto Gamaleya",0,472807,298917,3165,100282
"54","Misiones","AstraZeneca ChAdOx1 S recombinante",0,226600,238780,88083,45968
"54","Misiones","COVISHIELD ChAdOx1nCoV COVID 19",0,16842,812,0,0
"54","Misiones","Cansino Ad5 nCoV",7336,0,40,49,242
"54","Misiones","Moderna ARNm",0,41837,53975,1051,5492
"54","Misiones","Pfizer BioNTech Comirnaty",0,56706,53459,15132,80740
"54","Misiones","Pfizer Pediátrica",0,447,1,0,0
"54","Misiones","Sinopharm Vacuna SARSCOV 2 inactivada",0,338922,254490,1095,3550
"54","Misiones","Sputnik V COVID19 Instituto Gamaleya",0,256777,172587,27772,45936
"58","Neuquén","AstraZeneca ChAdOx1 S recombinante",0,142319,145960,24814,59844
"58","Neuquén","COVISHIELD ChAdOx1nCoV COVID 19",0,12795,67,0,0
"58","Neuquén","Cansino Ad5 nCoV",9642,0,1742,1,28677
"58","Neuquén","Moderna ARNm",0,13157,42915,67,30568
"58","Neuquén","Pfizer BioNTech Comirnaty",0,49806,44751,3423,77701
"58","Neuquén","Pfizer Pediátrica",0,21,3,0,0
"58","Neuquén","Sinopharm Vacuna SARSCOV 2 inactivada",0,233774,206524,88,411
"58","Neuquén","Sputnik V COVID19 Instituto Gamaleya",0,172811,125254,1735,55660
"62","Río Negro","AstraZeneca ChAdOx1 S recombinante",0,146957,154943,38895,48117
"62","Río Negro","COVISHIELD ChAdOx1nCoV COVID 19",0,14005,92,0,0
"62","Río Negro","Cansino Ad5 nCoV",3750,0,301,42,3342
"62","Río Negro","Moderna ARNm",0,10547,50766,6629,35118
"62","Río Negro","Pfizer BioNTech Comirnaty",0,54809,51035,26635,97272
"62","Río Negro","Pfizer Pediátrica",0,220,7,0,0
"62","Río Negro","Sinopharm Vacuna SARSCOV 2 inactivada",0,276023,240557,591,1311
"62","Río Negro","Sputnik V COVID19 Instituto Gamaleya",0,177495,117672,16179,32370
"66","Salta","AstraZeneca ChAdOx1 S recombinante",0,310639,274668,23066,20771
"66","Salta","COVISHIELD ChAdOx1nCoV COVID 19",0,17974,66,0,0
"66","Salta","Cansino Ad5 nCoV",3573,0,123,474,6462
"66","Salta","Moderna ARNm",0,32329,88205,4491,64926
"66","Salta","Pfizer BioNTech Comirnaty",0,100067,98504,17292,170680
"66","Salta","Pfizer Pediátrica",0,697,17,1,0
"66","Salta","Sinopharm Vacuna SARSCOV 2 inactivada",0,410597,317384,275,714
"66","Salta","Sputnik V COVID19 Instituto Gamaleya",0,299750,205176,10485,51897
"70","San Juan","AstraZeneca ChAdOx1 S recombinante",0,157513,164700,24462,36470
"70","San Juan","COVISHIELD ChAdOx1nCoV COVID 19",0,8866,13,0,0
"70","San Juan","Cansino Ad5 nCoV",6309,0,456,362,16394
"70","San Juan","Moderna ARNm",0,18876,43475,665,78386
"70","San Juan","Pfizer BioNTech Comirnaty",0,57635,49017,7367,51261
"70","San Juan","Pfizer Pediátrica",0,44,1,0,0
"70","San Juan","Sinopharm Vacuna SARSCOV 2 inactivada",0,260839,230701,53,370
"70","San Juan","Sputnik V COVID19 Instituto Gamaleya",0,197674,136776,6127,50679
"74","San Luis","AstraZeneca ChAdOx1 S recombinante",0,99277,106709,37402,48131
"74","San Luis","COVISHIELD ChAdOx1nCoV COVID 19",0,6829,0,0,0
"74","San Luis","Cansino Ad5 nCoV",5860,0,485,1,8828
"74","San Luis","Moderna ARNm",0,8912,31625,430,63280
"74","San Luis","Pfizer BioNTech Comirnaty",0,38159,34929,12332,109478
"74","San Luis","Sinopharm Vacuna SARSCOV 2 inactivada",0,173020,162441,22,230
"74","San Luis","Sputnik V COVID19 Instituto Gamaleya",0,127012,92996,307,14571
"78","Santa Cruz","AstraZeneca ChAdOx1 S recombinante",0,65055,64483,9000,21530
"78","Santa Cruz","COVISHIELD ChAdOx1nCoV COVID 19",0,5993,725,0,0
"78","Santa Cruz","Cansino Ad5 nCoV",2190,0,11,1,319
"78","Santa Cruz","Moderna ARNm",0,9407,19274,121,1756
"78","Santa Cruz","Pfizer BioNTech Comirnaty",0,23905,24837,7691,43438
"78","Santa Cruz","Pfizer Pediátrica",0,9,0,0,0
"78","Santa Cruz","Sinopharm Vacuna SARSCOV 2 inactivada",0,105267,91002,83,535
"78","Santa Cruz","Sputnik V COVID19 Instituto Gamaleya",0,91505,68500,3138,18288
"82","Santa Fe","AstraZeneca ChAdOx1 S recombinante",0,760646,770884,248843,189154
"82","Santa Fe","COVISHIELD ChAdOx1nCoV COVID 19",0,41448,57,0,0
"82","Santa Fe","Cansino Ad5 nCoV",25616,0,32,30,229
"82","Santa Fe","Moderna ARNm",0,40879,243795,14232,317403
"82","Santa Fe","Pfizer BioNTech Comirnaty",0,263532,249934,133747,622554
"82","Santa Fe","Sinopharm Vacuna SARSCOV 2 inactivada",0,1170140,1076506,664,1399
"82","Santa Fe","Sputnik V COVID19 Instituto Gamaleya",0,920739,646633,7670,88611
"86","Santiago del Estero","AstraZeneca ChAdOx1 S recombinante",0,211759,210808,49322,78487
"86","Santiago del Estero","COVISHIELD ChAdOx1nCoV COVID 19",0,11958,1305,0,0
"86","Santiago del Estero","Cansino Ad5 nCoV",16335,0,443,5321,53986
"86","Santiago del Estero","Moderna ARNm",0,11066,70113,1597,64849
"86","Santiago del Estero","Pfizer BioNTech Comirnaty",0,96104,87401,3758,54563
"86","Santiago del Estero","Sinopharm Vacuna SARSCOV 2 inactivada",1,394410,361739,316,897
"86","Santiago del Estero","Sputnik V COVID19 Instituto Gamaleya",0,229004,156548,14772,55628
"94","Tierra del Fuego","AstraZeneca ChAdOx1 S recombinante",0,35070,35269,6893,17968
"94","Tierra del Fuego","COVISHIELD ChAdOx1nCoV COVID 19",0,2740,756,0,0
"94","Tierra del Fuego","Cansino Ad5 nCoV",272,0,63,14,1845
"94","Tierra del Fuego","Moderna ARNm",0,2111,12206,207,7630
"94","Tierra del Fuego","Pfizer BioNTech Comirnaty",0,14281,13060,926,15395
"94","Tierra del Fuego","Pfizer Pediátrica",0,2,0,0,0
"94","Tierra del Fuego","Sinopharm Vacuna SARSCOV 2 inactivada",0,58028,52412,24,113
"94","Tierra del Fuego","Sputnik V COVID19 Instituto Gamaleya",0,44834,30711,538,6924
"90","Tucumán","AstraZeneca ChAdOx1 S recombinante",0,351852,329393,43851,153222
"90","Tucumán","COVISHIELD ChAdOx1nCoV COVID 19",0,20609,74,0,0
"90","Tucumán","Cansino Ad5 nCoV",7528,0,2,1412,5003
"90","Tucumán","Moderna ARNm",0,33173,105305,21460,117492
"90","Tucumán","Pfizer BioNTech Comirnaty",0,116793,96590,246,7681
"90","Tucumán","Pfizer Pediátrica",0,630,0,3,0
"90","Tucumán","Sinopharm Vacuna SARSCOV 2 inactivada",0,533744,456871,3,2
"90","Tucumán","Sputnik V COVID19 Instituto Gamaleya",0,431157,322315,4080,40420
