"jurisdiccion_codigo_indec","jurisdiccion_nombre","vacuna_nombre",dosis_unica_cantidad,primera_dosis_cantidad,segunda_dosis_cantidad,dosis_adicional_cantidad,dosis_refuerzo_cantidad
"06","Buenos Aires","AstraZeneca ChAdOx1 S recombinante",0,3647235,4021089,833234,1113164
"06","Buenos Aires","COVISHIELD ChAdOx1nCoV COVID 19",0,251396,381,0,0
"06","Buenos Aires","Cansino Ad5 nCoV",89142,0,6676,1527,64971
"06","Buenos Aires","Moderna ARNm",0,406192,1203017,3186,2178241
"06","Buenos Aires","Pfizer BioNTech Comirnaty",0,1367875,1441145,77647,5232226
"06","Buenos Aires","Pfizer Pediátrica",0,16399,6094,56431,0
"06","Buenos Aires","Sinopharm Vacuna SARSCOV 2 inactivada",0,5933611,5222935,1663,7999
"06","Buenos Aires","Sputnik V COVID19 Instituto Gamaleya",0,4314902,2691000,6261,811693
"02","CABA","AstraZeneca ChAdOx1 S recombinante",0,726717,760991,204636,468907
"02","CABA","COVISHIELD ChAdOx1nCoV COVID 19",0,65530,190,0,0
"02","CABA","Cansino Ad5 nCoV",29637,0,1444,45,48511
"02","CABA","Moderna ARNm",0,27312,265436,1490,851969
"02","CABA","Pfizer BioNTech Comirnaty",0,192237,218308,62902,1235338
"02","CABA","Pfizer Pediátrica",0,1896,1103,754,16950
"02","CABA","Sinopharm Vacuna SARSCOV 2 inactivada",0,1013168,958192,1678,4940
"02","CABA","Sputnik V COVID19 Instituto Gamaleya",0,895828,626478,232,7798
"10","Catamarca","AstraZeneca ChAdOx1 S recombinante",0,86629,86468,18029,58481
"10","Catamarca","COVISHIELD ChAdOx1nCoV COVID 19",0,4820,10,0,0
"10","Catamarca","Cansino Ad5 nCoV",2535,0,981,328,45983
"10","Catamarca","Moderna ARNm",0,7545,23659,403,55539
"10","Catamarca","Pfizer BioNTech Comirnaty",0,33512,30542,863,70173
"10","Catamarca","Pfizer Pediátrica",0,12,20,17,7424
"10","Catamarca","Sinopharm Vacuna SARSCOV 2 inactivada",0,170453,155140,43,425
"10","Catamarca","Sputnik V COVID19 Instituto Gamaleya",0,96735,73552,1649,23234
"22","Chaco","AstraZeneca ChAdOx1 S recombinante",0,239748,219580,29278,89726
"22","Chaco","COVISHIELD ChAdOx1nCoV COVID 19",0,15536,774,0,0
"22","Chaco","Cansino Ad5 nCoV",10817,0,606,212,15387
"22","Chaco","Moderna ARNm",0,29715,66230,1400,74984
"22","Chaco","Pfizer BioNTech Comirnaty",0,67943,56169,7795,136234
"22","Chaco","Pfizer Pediátrica",0,511,117,45,771
"22","Chaco","Sinopharm Vacuna SARSCOV 2 inactivada",0,387329,303558,444,2383
"22","Chaco","Sputnik V COVID19 Instituto Gamaleya",0,257960,181241,4471,52374
"26","Chubut","AstraZeneca ChAdOx1 S recombinante",0,132706,128492,20534,44608
"26","Chubut","COVISHIELD ChAdOx1nCoV COVID 19",0,11922,659,0,0
"26","Chubut","Cansino Ad5 nCoV",3321,0,252,52,3987
"26","Chubut","Moderna ARNm",0,20281,32401,1218,39737
"26","Chubut","Pfizer BioNTech Comirnaty",0,32929,38989,4521,121825
"26","Chubut","Pfizer Pediátrica",0,332,103,4,715
"26","Chubut","Sinopharm Vacuna SARSCOV 2 inactivada",0,172380,139934,175,587
"26","Chubut","Sputnik V COVID19 Instituto Gamaleya",0,136760,100095,906,14717
"18","Corrientes","AstraZeneca ChAdOx1 S recombinante",0,193849,185247,17689,139424
"18","Corrientes","COVISHIELD ChAdOx1nCoV COVID 19",0,19884,477,0,0
"18","Corrientes","Cansino Ad5 nCoV",10564,0,235,71,32717
"18","Corrientes","Moderna ARNm",0,27292,59800,393,86684
"18","Corrientes","Pfizer BioNTech Comirnaty",0,82903,79723,1794,218928
"18","Corrientes","Pfizer Pediátrica",0,115,24,13,13189
"18","Corrientes","Sinopharm Vacuna SARSCOV 2 inactivada",0,425855,360374,66,1642
"18","Corrientes","Sputnik V COVID19 Instituto Gamaleya",0,268238,193548,16,34087
"14","Córdoba","AstraZeneca ChAdOx1 S recombinante",0,808950,824227,184145,650404
"14","Córdoba","COVISHIELD ChAdOx1nCoV COVID 19",0,44129,128,0,0
"14","Córdoba","Cansino Ad5 nCoV",38078,0,5703,32,10933
"14","Córdoba","Moderna ARNm",0,44882,259524,36,418347
"14","Córdoba","Pfizer BioNTech Comirnaty",0,282432,255373,16587,688939
"14","Córdoba","Pfizer Pediátrica",0,1397,719,70,8992
"14","Córdoba","Sinopharm Vacuna SARSCOV 2 inactivada",0,1249256,1130006,517,7957
"14","Córdoba","Sputnik V COVID19 Instituto Gamaleya",0,939812,627331,4076,96309
"30","Entre Ríos","AstraZeneca ChAdOx1 S recombinante",0,291833,286921,72093,175610
"30","Entre Ríos","COVISHIELD ChAdOx1nCoV COVID 19",0,17374,365,0,0
"30","Entre Ríos","Cansino Ad5 nCoV",13911,0,470,14,4443
"30","Entre Ríos","Moderna ARNm",0,23275,84661,217,130282
"30","Entre Ríos","Pfizer BioNTech Comirnaty",0,97699,85425,7715,230669
"30","Entre Ríos","Pfizer Pediátrica",0,152,62,18,4653
"30","Entre Ríos","Sinopharm Vacuna SARSCOV 2 inactivada",0,481799,424350,304,1215
"30","Entre Ríos","Sputnik V COVID19 Instituto Gamaleya",0,324963,233011,3782,80138
"34","Formosa","AstraZeneca ChAdOx1 S recombinante",0,129359,156106,231069,75859
"34","Formosa","COVISHIELD ChAdOx1nCoV COVID 19",0,7385,8,0,0
"34","Formosa","Cansino Ad5 nCoV",7142,0,0,13,2376
"34","Formosa","Moderna ARNm",0,40151,7973,155,49866
"34","Formosa","Pfizer BioNTech Comirnaty",0,26458,55854,21471,74518
"34","Formosa","Pfizer Pediátrica",0,16,57,73,7907
"34","Formosa","Sinopharm Vacuna SARSCOV 2 inactivada",0,234474,208492,372,444
"34","Formosa","Sputnik V COVID19 Instituto Gamaleya",0,138056,89130,2986,7581
"38","Jujuy","AstraZeneca ChAdOx1 S recombinante",0,165273,158976,31956,52020
"38","Jujuy","COVISHIELD ChAdOx1nCoV COVID 19",0,14031,291,0,0
"38","Jujuy","Cansino Ad5 nCoV",1505,0,1526,36,27932
"38","Jujuy","Moderna ARNm",0,25251,37319,1542,38740
"38","Jujuy","Pfizer BioNTech Comirnaty",0,57676,71259,14714,144931
"38","Jujuy","Pfizer Pediátrica",0,2147,387,55,2315
"38","Jujuy","Sinopharm Vacuna SARSCOV 2 inactivada",0,277111,215141,439,1010
"38","Jujuy","Sputnik V COVID19 Instituto Gamaleya",0,154313,125451,12807,38768
"42","La Pampa","AstraZeneca ChAdOx1 S recombinante",0,69240,76493,37279,44468
"42","La Pampa","COVISHIELD ChAdOx1nCoV COVID 19",0,4579,0,0,0
"42","La Pampa","Cansino Ad5 nCoV",2889,0,0,0,2860
"42","La Pampa","Moderna ARNm",0,6131,25850,0,61028
"42","La Pampa","Pfizer BioNTech Comirnaty",0,27671,27344,4686,137787
"42","La Pampa","Pfizer Pediátrica",0,186,90,0,4887
"42","La Pampa","Sinopharm Vacuna SARSCOV 2 inactivada",0,135619,130297,0,0
"42","La Pampa","Sputnik V COVID19 Instituto Gamaleya",0,89483,61887,330,14995
"46","La Rioja","AstraZeneca ChAdOx1 S recombinante",0,78737,79476,21300,30265
"46","La Rioja","COVISHIELD ChAdOx1nCoV COVID 19",0,7267,124,0,0
"46","La Rioja","Cansino Ad5 nCoV",3138,0,45,0,3890
"46","La Rioja","Moderna ARNm",0,10302,26397,1893,50641
"46","La Rioja","Pfizer BioNTech Comirnaty",0,30285,35267,10362,101263
"46","La Rioja","Pfizer Pediátrica",0,26,24,237,2039
"46","La Rioja","Sinopharm Vacuna SARSCOV 2 inactivada",0,140107,125129,56,348
"46","La Rioja","Sputnik V COVID19 Instituto Gamaleya",0,95066,69972,4328,22934
"50","Mendoza","AstraZeneca ChAdOx1 S recombinante",0,441250,429753,43468,287800
"50","Mendoza","COVISHIELD ChAdOx1nCoV COVID 19",0,25657,469,0,0
"50","Mendoza","Cansino Ad5 nCoV",11110,0,1525,52,34507
"50","Mendoza","Moderna ARNm",0,29363,140687,185,171234
"50","Mendoza","Pfizer BioNTech Comirnaty",0,150292,150274,6848,348138
"50","Mendoza","Pfizer Pediátrica",0,3347,492,27,6744
"50","Mendoza","Sinopharm Vacuna SARSCOV 2 inactivada",0,612743,518911,300,1862
"50","Mendoza","Sputnik V COVID19 Instituto Gamaleya",0,473251,300469,3162,115070
"54","Misiones","AstraZeneca ChAdOx1 S recombinante",0,227588,241329,87996,60655
"54","Misiones","COVISHIELD ChAdOx1nCoV COVID 19",0,16848,818,0,0
"54","Misiones","Cansino Ad5 nCoV",7562,0,86,49,678
"54","Misiones","Moderna ARNm",0,42352,54915,1049,12214
"54","Misiones","Pfizer BioNTech Comirnaty",0,59778,59846,15128,114952
"54","Misiones","Pfizer Pediátrica",0,1466,336,21,357
"54","Misiones","Sinopharm Vacuna SARSCOV 2 inactivada",0,346163,270673,1083,4539
"54","Misiones","Sputnik V COVID19 Instituto Gamaleya",0,257577,174970,27766,51290
"58","Neuquén","AstraZeneca ChAdOx1 S recombinante",0,142461,146342,24562,71416
"58","Neuquén","COVISHIELD ChAdOx1nCoV COVID 19",0,12797,67,0,0
"58","Neuquén","Cansino Ad5 nCoV",10399,0,2349,1,53946
"58","Neuquén","Moderna ARNm",0,13388,43491,67,54568
"58","Neuquén","Pfizer BioNTech Comirnaty",0,50389,46382,3374,111855
"58","Neuquén","Pfizer Pediátrica",0,246,97,8,1269
"58","Neuquén","Sinopharm Vacuna SARSCOV 2 inactivada",0,235215,209536,87,499
"58","Neuquén","Sputnik V COVID19 Instituto Gamaleya",0,172886,125347,1722,55907
"62","Río Negro","AstraZeneca ChAdOx1 S recombinante",0,147273,155737,38875,62261
"62","Río Negro","COVISHIELD ChAdOx1nCoV COVID 19",0,14011,93,0,0
"62","Río Negro","Cansino Ad5 nCoV",4013,0,569,42,10304
"62","Río Negro","Moderna ARNm",0,10784,51447,6624,76191
"62","Río Negro","Pfizer BioNTech Comirnaty",0,55397,53130,26625,140889
"62","Río Negro","Pfizer Pediátrica",0,639,176,3,1107
"62","Río Negro","Sinopharm Vacuna SARSCOV 2 inactivada",0,276976,243603,590,1709
"62","Río Negro","Sputnik V COVID19 Instituto Gamaleya",0,177561,117782,16150,32562
"66","Salta","AstraZeneca ChAdOx1 S recombinante",0,311299,275652,23087,25498
"66","Salta","COVISHIELD ChAdOx1nCoV COVID 19",0,17983,66,0,0
"66","Salta","Cansino Ad5 nCoV",3772,0,215,476,7742
"66","Salta","Moderna ARNm",0,33738,92698,4505,129761
"66","Salta","Pfizer BioNTech Comirnaty",0,103489,108464,17393,262287
"66","Salta","Pfizer Pediátrica",0,2906,720,26,3711
"66","Salta","Sinopharm Vacuna SARSCOV 2 inactivada",0,414918,331316,277,881
"66","Salta","Sputnik V COVID19 Instituto Gamaleya",0,300026,205826,10561,53074
"70","San Juan","AstraZeneca ChAdOx1 S recombinante",0,157678,165530,24464,55895
"70","San Juan","COVISHIELD ChAdOx1nCoV COVID 19",0,8871,13,0,0
"70","San Juan","Cansino Ad5 nCoV",7090,0,932,362,26704
"70","San Juan","Moderna ARNm",0,18894,43524,665,78708
"70","San Juan","Pfizer BioNTech Comirnaty",0,58246,51329,7353,109049
"70","San Juan","Pfizer Pediátrica",0,358,116,5,3357
"70","San Juan","Sinopharm Vacuna SARSCOV 2 inactivada",0,262346,235270,53,401
"70","San Juan","Sputnik V COVID19 Instituto Gamaleya",0,197730,136913,6125,51159
"74","San Luis","AstraZeneca ChAdOx1 S recombinante",0,99368,106947,37241,54874
"74","San Luis","COVISHIELD ChAdOx1nCoV COVID 19",0,6829,0,0,0
"74","San Luis","Cansino Ad5 nCoV",6124,0,865,1,25737
"74","San Luis","Moderna ARNm",0,8949,31767,430,107762
"74","San Luis","Pfizer BioNTech Comirnaty",0,38566,36952,12270,169910
"74","San Luis","Pfizer Pediátrica",0,93,29,0,10499
"74","San Luis","Sinopharm Vacuna SARSCOV 2 inactivada",0,173953,164675,22,353
"74","San Luis","Sputnik V COVID19 Instituto Gamaleya",0,126858,92865,306,14565
"78","Santa Cruz","AstraZeneca ChAdOx1 S recombinante",0,65210,65012,8995,30264
"78","Santa Cruz","COVISHIELD ChAdOx1nCoV COVID 19",0,6002,728,0,0
"78","Santa Cruz","Cansino Ad5 nCoV",2273,0,44,1,1414
"78","Santa Cruz","Moderna ARNm",0,9469,19561,121,24157
"78","Santa Cruz","Pfizer BioNTech Comirnaty",0,24166,25786,7684,64769
"78","Santa Cruz","Pfizer Pediátrica",0,89,32,7,1567
"78","Santa Cruz","Sinopharm Vacuna SARSCOV 2 inactivada",0,105843,92699,80,611
"78","Santa Cruz","Sputnik V COVID19 Instituto Gamaleya",0,91584,68759,3137,21420
"82","Santa Fe","AstraZeneca ChAdOx1 S recombinante",0,761741,774829,248716,286147
"82","Santa Fe","COVISHIELD ChAdOx1nCoV COVID 19",0,41483,58,0,0
"82","Santa Fe","Cansino Ad5 nCoV",26449,0,169,29,2093
"82","Santa Fe","Moderna ARNm",0,42823,249123,14227,843637
"82","Santa Fe","Pfizer BioNTech Comirnaty",0,268463,261179,133681,996875
"82","Santa Fe","Pfizer Pediátrica",0,318,128,842,6755
"82","Santa Fe","Sinopharm Vacuna SARSCOV 2 inactivada",0,1178158,1092876,657,2667
"82","Santa Fe","Sputnik V COVID19 Instituto Gamaleya",0,921655,647869,7667,93238
"86","Santiago del Estero","AstraZeneca ChAdOx1 S recombinante",0,211967,211653,49291,118796
"86","Santiago del Estero","COVISHIELD ChAdOx1nCoV COVID 19",0,11966,1313,0,0
"86","Santiago del Estero","Cansino Ad5 nCoV",17244,0,862,5213,70092
"86","Santiago del Estero","Moderna ARNm",0,11287,71123,1596,108410
"86","Santiago del Estero","Pfizer BioNTech Comirnaty",0,96871,90612,3756,117504
"86","Santiago del Estero","Pfizer Pediátrica",0,34,35,21,9608
"86","Santiago del Estero","Sinopharm Vacuna SARSCOV 2 inactivada",1,396968,367384,316,1099
"86","Santiago del Estero","Sputnik V COVID19 Instituto Gamaleya",0,229128,156822,14763,55893
"94","Tierra del Fuego","AstraZeneca ChAdOx1 S recombinante",0,35148,35525,6892,21308
"94","Tierra del Fuego","COVISHIELD ChAdOx1nCoV COVID 19",0,2740,758,0,0
"94","Tierra del Fuego","Cansino Ad5 nCoV",324,0,109,17,2801
"94","Tierra del Fuego","Moderna ARNm",0,2183,12382,210,18320
"94","Tierra del Fuego","Pfizer BioNTech Comirnaty",0,14423,13450,944,26810
"94","Tierra del Fuego","Pfizer Pediátrica",0,38,13,3,738
"94","Tierra del Fuego","Sinopharm Vacuna SARSCOV 2 inactivada",0,58221,53000,24,154
"94","Tierra del Fuego","Sputnik V COVID19 Instituto Gamaleya",0,44856,30804,539,7322
"90","Tucumán","AstraZeneca ChAdOx1 S recombinante",0,352657,331156,43822,186323
"90","Tucumán","COVISHIELD ChAdOx1nCoV COVID 19",0,20619,76,0,0
"90","Tucumán","Cansino Ad5 nCoV",7630,0,22,1411,11957
"90","Tucumán","Moderna ARNm",0,33432,106022,21459,147296
"90","Tucumán","Pfizer BioNTech Comirnaty",0,117795,99576,246,89072
"90","Tucumán","Pfizer Pediátrica",0,1573,310,925,14885
"90","Tucumán","Sinopharm Vacuna SARSCOV 2 inactivada",0,535967,465757,3,283
"90","Tucumán","Sputnik V COVID19 Instituto Gamaleya",0,431371,324246,4078,74597
