"jurisdiccion_codigo_indec","jurisdiccion_nombre","vacuna_nombre",dosis_unica_cantidad,primera_dosis_cantidad,segunda_dosis_cantidad,dosis_adicional_cantidad,dosis_refuerzo_cantidad
"06","Buenos Aires","AstraZeneca ChAdOx1 S recombinante",0,3648634,4022659,832866,1121844
"06","Buenos Aires","COVISHIELD ChAdOx1nCoV COVID 19",0,251417,383,0,0
"06","Buenos Aires","Cansino Ad5 nCoV",90329,0,7732,1632,110487
"06","Buenos Aires","Moderna 010 mg mL",0,48576,26602,0,157738
"06","Buenos Aires","Moderna ARNm 020 mg mL",0,426818,1263742,3185,4545040
"06","Buenos Aires","Moderna Bivariante BA 4 5",0,0,0,0,7605
"06","Buenos Aires","Pfizer BioNTech Comirnaty",0,1374148,1452116,77612,5404994
"06","Buenos Aires","Pfizer Bivariante BA 4 5",0,0,0,0,175658
"06","Buenos Aires","Pfizer Pediátrica",0,20634,10703,141123,1782
"06","Buenos Aires","Sinopharm Vacuna SARSCOV 2 inactivada",0,5956172,5269220,1662,12177
"06","Buenos Aires","Sputnik Light",160,0,381,0,1635
"06","Buenos Aires","Sputnik V COVID19 Instituto Gamaleya",0,4315830,2693176,6256,859723
"02","CABA","AstraZeneca ChAdOx1 S recombinante",0,728380,763028,204551,506921
"02","CABA","COVISHIELD ChAdOx1nCoV COVID 19",0,65728,197,0,0
"02","CABA","Cansino Ad5 nCoV",29925,0,1673,44,51048
"02","CABA","Moderna 010 mg mL",0,15011,7997,0,60568
"02","CABA","Moderna ARNm 020 mg mL",0,36574,279928,1489,2063907
"02","CABA","Moderna Bivariante BA 4 5",0,0,1,0,539
"02","CABA","Pfizer BioNTech Comirnaty",0,193582,220444,62873,1286038
"02","CABA","Pfizer Bivariante BA 4 5",0,0,1,0,133380
"02","CABA","Pfizer Pediátrica",0,2883,2041,1664,89053
"02","CABA","Sinopharm Vacuna SARSCOV 2 inactivada",0,1019228,967904,1664,5414
"02","CABA","Sputnik Light",72,0,133,0,39
"02","CABA","Sputnik V COVID19 Instituto Gamaleya",0,896672,627499,231,14076
"10","Catamarca","AstraZeneca ChAdOx1 S recombinante",0,86668,86598,18029,59882
"10","Catamarca","COVISHIELD ChAdOx1nCoV COVID 19",0,4821,13,0,0
"10","Catamarca","Cansino Ad5 nCoV",2583,0,1042,328,48438
"10","Catamarca","Moderna 010 mg mL",0,5448,2634,0,12143
"10","Catamarca","Moderna ARNm 020 mg mL",0,7721,24261,403,139339
"10","Catamarca","Moderna Bivariante BA 4 5",0,57,12,0,1605
"10","Catamarca","Pfizer BioNTech Comirnaty",0,33578,30799,863,95359
"10","Catamarca","Pfizer Bivariante BA 4 5",0,0,2,0,5896
"10","Catamarca","Pfizer Pediátrica",0,43,77,51,15266
"10","Catamarca","Sinopharm Vacuna SARSCOV 2 inactivada",0,171468,157493,43,635
"10","Catamarca","Sputnik Light",2,0,1,0,287
"10","Catamarca","Sputnik V COVID19 Instituto Gamaleya",0,96760,73682,1649,29140
"22","Chaco","AstraZeneca ChAdOx1 S recombinante",0,240495,220550,29269,92473
"22","Chaco","COVISHIELD ChAdOx1nCoV COVID 19",0,15550,789,0,0
"22","Chaco","Cansino Ad5 nCoV",11399,0,821,212,21293
"22","Chaco","Moderna 010 mg mL",0,4498,2194,0,15005
"22","Chaco","Moderna ARNm 020 mg mL",0,31707,70223,1400,172444
"22","Chaco","Moderna Bivariante BA 4 5",0,0,3,0,1844
"22","Chaco","Pfizer BioNTech Comirnaty",0,69358,58608,7795,162617
"22","Chaco","Pfizer Bivariante BA 4 5",0,2,4,0,10601
"22","Chaco","Pfizer Pediátrica",0,807,328,251,4173
"22","Chaco","Sinopharm Vacuna SARSCOV 2 inactivada",0,392688,313829,445,3594
"22","Chaco","Sputnik Light",25,0,39,0,192
"22","Chaco","Sputnik V COVID19 Instituto Gamaleya",0,258357,182078,4471,54760
"26","Chubut","AstraZeneca ChAdOx1 S recombinante",0,132915,128773,20527,45917
"26","Chubut","COVISHIELD ChAdOx1nCoV COVID 19",0,11936,662,0,0
"26","Chubut","Cansino Ad5 nCoV",3585,0,366,52,5772
"26","Chubut","Moderna 010 mg mL",0,619,399,0,3538
"26","Chubut","Moderna ARNm 020 mg mL",0,21123,34133,1220,89859
"26","Chubut","Moderna Bivariante BA 4 5",0,0,0,0,2057
"26","Chubut","Pfizer BioNTech Comirnaty",0,33468,40121,4516,146930
"26","Chubut","Pfizer Bivariante BA 4 5",0,1,3,0,7757
"26","Chubut","Pfizer Pediátrica",0,479,230,28,2655
"26","Chubut","Sinopharm Vacuna SARSCOV 2 inactivada",0,173407,142282,174,984
"26","Chubut","Sputnik Light",22,0,26,0,76
"26","Chubut","Sputnik V COVID19 Instituto Gamaleya",0,136828,100187,905,15188
"18","Corrientes","AstraZeneca ChAdOx1 S recombinante",0,194146,186023,17688,161345
"18","Corrientes","COVISHIELD ChAdOx1nCoV COVID 19",0,19893,493,0,0
"18","Corrientes","Cansino Ad5 nCoV",11269,0,288,71,40833
"18","Corrientes","Moderna 010 mg mL",0,10549,4122,0,24117
"18","Corrientes","Moderna ARNm 020 mg mL",0,28283,63280,393,323233
"18","Corrientes","Moderna Bivariante BA 4 5",0,0,1,0,1199
"18","Corrientes","Pfizer BioNTech Comirnaty",0,83374,81528,1794,274777
"18","Corrientes","Pfizer Bivariante BA 4 5",0,1,0,0,15618
"18","Corrientes","Pfizer Pediátrica",0,376,251,262,42557
"18","Corrientes","Sinopharm Vacuna SARSCOV 2 inactivada",0,429100,370218,66,2538
"18","Corrientes","Sputnik Light",0,0,0,0,2
"18","Corrientes","Sputnik V COVID19 Instituto Gamaleya",0,268513,194853,16,48878
"14","Córdoba","AstraZeneca ChAdOx1 S recombinante",0,809358,825092,183920,658738
"14","Córdoba","COVISHIELD ChAdOx1nCoV COVID 19",0,44130,129,0,0
"14","Córdoba","Cansino Ad5 nCoV",38402,0,5736,33,11375
"14","Córdoba","Moderna 010 mg mL",0,7837,4534,0,57009
"14","Córdoba","Moderna ARNm 020 mg mL",0,50355,269005,37,927330
"14","Córdoba","Moderna Bivariante BA 4 5",0,0,0,0,2473
"14","Córdoba","Pfizer BioNTech Comirnaty",0,283923,258708,16564,725259
"14","Córdoba","Pfizer Bivariante BA 4 5",0,0,0,0,34605
"14","Córdoba","Pfizer Pediátrica",0,1770,1106,179,24591
"14","Córdoba","Sinopharm Vacuna SARSCOV 2 inactivada",0,1256664,1144520,512,9130
"14","Córdoba","Sputnik Light",21,0,1,0,2
"14","Córdoba","Sputnik V COVID19 Instituto Gamaleya",0,940042,627733,4081,98748
"30","Entre Ríos","AstraZeneca ChAdOx1 S recombinante",0,292124,287599,72090,179362
"30","Entre Ríos","COVISHIELD ChAdOx1nCoV COVID 19",0,17390,375,0,0
"30","Entre Ríos","Cansino Ad5 nCoV",14039,0,501,14,5341
"30","Entre Ríos","Moderna 010 mg mL",0,2796,1371,0,10688
"30","Entre Ríos","Moderna ARNm 020 mg mL",0,24203,86753,217,288779
"30","Entre Ríos","Moderna Bivariante BA 4 5",0,0,0,0,7
"30","Entre Ríos","Pfizer BioNTech Comirnaty",0,98109,86494,7714,257884
"30","Entre Ríos","Pfizer Bivariante BA 4 5",0,0,3,0,5526
"30","Entre Ríos","Pfizer Pediátrica",0,256,139,51,14664
"30","Entre Ríos","Sinopharm Vacuna SARSCOV 2 inactivada",0,484488,430755,304,1588
"30","Entre Ríos","Sputnik Light",1,0,10,0,103
"30","Entre Ríos","Sputnik V COVID19 Instituto Gamaleya",0,325199,233669,3780,87220
"34","Formosa","AstraZeneca ChAdOx1 S recombinante",0,129567,156268,231065,77252
"34","Formosa","COVISHIELD ChAdOx1nCoV COVID 19",0,7392,8,0,0
"34","Formosa","Cansino Ad5 nCoV",7298,0,3,13,4794
"34","Formosa","Moderna 010 mg mL",0,4716,1727,0,18796
"34","Formosa","Moderna ARNm 020 mg mL",0,40757,9696,155,175067
"34","Formosa","Moderna Bivariante BA 4 5",0,0,0,0,2999
"34","Formosa","Pfizer BioNTech Comirnaty",0,26573,56187,21470,86571
"34","Formosa","Pfizer Bivariante BA 4 5",0,0,0,0,4814
"34","Formosa","Pfizer Pediátrica",0,30,88,117,11473
"34","Formosa","Sinopharm Vacuna SARSCOV 2 inactivada",0,235812,211416,372,445
"34","Formosa","Sputnik V COVID19 Instituto Gamaleya",0,138033,89209,2986,10077
"38","Jujuy","AstraZeneca ChAdOx1 S recombinante",0,165466,159542,31957,52835
"38","Jujuy","COVISHIELD ChAdOx1nCoV COVID 19",0,14040,295,0,0
"38","Jujuy","Cansino Ad5 nCoV",1725,0,1689,36,32587
"38","Jujuy","Moderna 010 mg mL",0,3259,1601,0,13484
"38","Jujuy","Moderna ARNm 020 mg mL",0,26963,43207,1542,201101
"38","Jujuy","Moderna Bivariante BA 4 5",0,0,0,0,4003
"38","Jujuy","Pfizer BioNTech Comirnaty",0,58141,72287,14713,159557
"38","Jujuy","Pfizer Bivariante BA 4 5",0,2,3,0,21339
"38","Jujuy","Pfizer Pediátrica",0,2578,939,181,14604
"38","Jujuy","Sinopharm Vacuna SARSCOV 2 inactivada",0,279502,220425,439,1535
"38","Jujuy","Sputnik Light",16,0,89,0,591
"38","Jujuy","Sputnik V COVID19 Instituto Gamaleya",0,154364,125525,12803,38912
"42","La Pampa","AstraZeneca ChAdOx1 S recombinante",0,69661,76781,37248,46114
"42","La Pampa","COVISHIELD ChAdOx1nCoV COVID 19",0,4602,0,0,0
"42","La Pampa","Cansino Ad5 nCoV",2907,0,0,0,3250
"42","La Pampa","Moderna 010 mg mL",0,656,323,0,2991
"42","La Pampa","Moderna ARNm 020 mg mL",0,6368,26206,0,125962
"42","La Pampa","Moderna Bivariante BA 4 5",0,0,0,0,417
"42","La Pampa","Pfizer BioNTech Comirnaty",0,27758,27440,4685,142623
"42","La Pampa","Pfizer Bivariante BA 4 5",0,0,1,0,4566
"42","La Pampa","Pfizer Pediátrica",0,199,113,0,5916
"42","La Pampa","Sinopharm Vacuna SARSCOV 2 inactivada",0,136130,131036,0,9
"42","La Pampa","Sputnik Light",9,0,0,0,129
"42","La Pampa","Sputnik V COVID19 Instituto Gamaleya",0,89679,62255,330,20219
"46","La Rioja","AstraZeneca ChAdOx1 S recombinante",0,78776,79587,21299,30532
"46","La Rioja","COVISHIELD ChAdOx1nCoV COVID 19",0,7271,126,0,0
"46","La Rioja","Cansino Ad5 nCoV",3153,0,52,0,4426
"46","La Rioja","Moderna 010 mg mL",0,1503,658,0,5625
"46","La Rioja","Moderna ARNm 020 mg mL",0,10482,27025,1892,113150
"46","La Rioja","Moderna Bivariante BA 4 5",0,0,0,0,7
"46","La Rioja","Pfizer BioNTech Comirnaty",0,30347,35368,10361,104876
"46","La Rioja","Pfizer Bivariante BA 4 5",0,0,1,0,3504
"46","La Rioja","Pfizer Pediátrica",0,59,51,427,5814
"46","La Rioja","Sinopharm Vacuna SARSCOV 2 inactivada",0,140884,126536,56,552
"46","La Rioja","Sputnik Light",1,0,5,0,340
"46","La Rioja","Sputnik V COVID19 Instituto Gamaleya",0,95128,70099,4327,30352
"50","Mendoza","AstraZeneca ChAdOx1 S recombinante",0,442225,432640,43462,290123
"50","Mendoza","COVISHIELD ChAdOx1nCoV COVID 19",0,25680,475,0,0
"50","Mendoza","Cansino Ad5 nCoV",11543,0,1840,52,41962
"50","Mendoza","Moderna 010 mg mL",0,11534,6412,0,32566
"50","Mendoza","Moderna ARNm 020 mg mL",0,31984,146542,185,392380
"50","Mendoza","Moderna Bivariante BA 4 5",0,5,12,0,6310
"50","Mendoza","Pfizer BioNTech Comirnaty",0,152588,155202,6846,412975
"50","Mendoza","Pfizer Bivariante BA 4 5",0,5,24,0,29934
"50","Mendoza","Pfizer Pediátrica",0,4203,1157,50,21965
"50","Mendoza","Sinopharm Vacuna SARSCOV 2 inactivada",0,615501,529236,296,2337
"50","Mendoza","Sputnik Light",39,0,77,0,248
"50","Mendoza","Sputnik V COVID19 Instituto Gamaleya",0,473587,301202,3161,119906
"54","Misiones","AstraZeneca ChAdOx1 S recombinante",0,228263,242189,87976,63104
"54","Misiones","COVISHIELD ChAdOx1nCoV COVID 19",0,16881,821,0,0
"54","Misiones","Cansino Ad5 nCoV",7624,0,98,49,756
"54","Misiones","Moderna 010 mg mL",0,2096,832,0,3242
"54","Misiones","Moderna ARNm 020 mg mL",0,43325,56472,1049,47429
"54","Misiones","Moderna Bivariante BA 4 5",0,0,0,0,222
"54","Misiones","Pfizer BioNTech Comirnaty",0,62024,63798,15127,147546
"54","Misiones","Pfizer Bivariante BA 4 5",0,0,0,0,8461
"54","Misiones","Pfizer Pediátrica",0,2110,751,226,2488
"54","Misiones","Sinopharm Vacuna SARSCOV 2 inactivada",0,350752,279521,1075,5696
"54","Misiones","Sputnik Light",3,0,1,0,13
"54","Misiones","Sputnik V COVID19 Instituto Gamaleya",0,258053,175579,27760,52798
"58","Neuquén","AstraZeneca ChAdOx1 S recombinante",0,142542,146512,24443,72724
"58","Neuquén","COVISHIELD ChAdOx1nCoV COVID 19",0,12840,66,0,0
"58","Neuquén","Cansino Ad5 nCoV",10570,0,2442,1,57605
"58","Neuquén","Moderna 010 mg mL",0,1808,960,0,6747
"58","Neuquén","Moderna ARNm 020 mg mL",0,14501,45802,67,146316
"58","Neuquén","Moderna Bivariante BA 4 5",0,1,0,0,1970
"58","Neuquén","Pfizer BioNTech Comirnaty",0,51086,47792,3326,144640
"58","Neuquén","Pfizer Bivariante BA 4 5",0,1,6,0,9608
"58","Neuquén","Pfizer Pediátrica",0,391,194,26,3906
"58","Neuquén","Sinopharm Vacuna SARSCOV 2 inactivada",0,236384,212243,87,606
"58","Neuquén","Sputnik Light",45,0,66,0,93
"58","Neuquén","Sputnik V COVID19 Instituto Gamaleya",0,173009,125483,1716,56219
"62","Río Negro","AstraZeneca ChAdOx1 S recombinante",0,147376,155879,38870,62870
"62","Río Negro","COVISHIELD ChAdOx1nCoV COVID 19",0,14016,95,0,0
"62","Río Negro","Cansino Ad5 nCoV",4125,0,637,42,12309
"62","Río Negro","Moderna 010 mg mL",0,1753,991,0,8735
"62","Río Negro","Moderna ARNm 020 mg mL",0,11833,54114,6624,174919
"62","Río Negro","Moderna Bivariante BA 4 5",0,0,1,0,3839
"62","Río Negro","Pfizer BioNTech Comirnaty",0,55692,53710,26623,160936
"62","Río Negro","Pfizer Bivariante BA 4 5",0,0,3,0,11253
"62","Río Negro","Pfizer Pediátrica",0,806,321,38,4435
"62","Río Negro","Sinopharm Vacuna SARSCOV 2 inactivada",0,277829,245914,588,1929
"62","Río Negro","Sputnik V COVID19 Instituto Gamaleya",0,177614,118007,16148,37564
"66","Salta","AstraZeneca ChAdOx1 S recombinante",0,312047,276721,23081,25809
"66","Salta","COVISHIELD ChAdOx1nCoV COVID 19",0,18001,73,0,0
"66","Salta","Cansino Ad5 nCoV",3914,0,257,476,8518
"66","Salta","Moderna 010 mg mL",0,5687,2202,0,22244
"66","Salta","Moderna ARNm 020 mg mL",0,36745,100476,4504,306861
"66","Salta","Moderna Bivariante BA 4 5",0,1,3,0,8606
"66","Salta","Pfizer BioNTech Comirnaty",0,104943,111373,17422,294039
"66","Salta","Pfizer Bivariante BA 4 5",0,1,16,0,24603
"66","Salta","Pfizer Pediátrica",0,3303,1116,53,7424
"66","Salta","Sinopharm Vacuna SARSCOV 2 inactivada",0,418735,341833,277,1205
"66","Salta","Sputnik Light",82,0,222,0,2993
"66","Salta","Sputnik V COVID19 Instituto Gamaleya",0,300414,206463,10559,58406
"70","San Juan","AstraZeneca ChAdOx1 S recombinante",0,157683,165583,24464,55994
"70","San Juan","COVISHIELD ChAdOx1nCoV COVID 19",0,8867,13,0,0
"70","San Juan","Cansino Ad5 nCoV",7285,0,1225,362,32360
"70","San Juan","Moderna 010 mg mL",0,2606,1399,0,13890
"70","San Juan","Moderna ARNm 020 mg mL",0,19523,45060,665,126698
"70","San Juan","Moderna Bivariante BA 4 5",0,0,0,0,3375
"70","San Juan","Pfizer BioNTech Comirnaty",0,58685,52680,7353,137668
"70","San Juan","Pfizer Bivariante BA 4 5",0,0,0,0,7480
"70","San Juan","Pfizer Pediátrica",0,582,325,2,9723
"70","San Juan","Sinopharm Vacuna SARSCOV 2 inactivada",0,263960,238278,53,440
"70","San Juan","Sputnik Light",36,0,62,0,251
"70","San Juan","Sputnik V COVID19 Instituto Gamaleya",0,197696,137059,6125,53046
"74","San Luis","AstraZeneca ChAdOx1 S recombinante",0,99369,106949,37239,55032
"74","San Luis","COVISHIELD ChAdOx1nCoV COVID 19",0,6829,0,0,0
"74","San Luis","Cansino Ad5 nCoV",6221,0,936,1,30832
"74","San Luis","Moderna 010 mg mL",0,601,234,0,5092
"74","San Luis","Moderna ARNm 020 mg mL",0,9275,32213,430,162171
"74","San Luis","Moderna Bivariante BA 4 5",0,0,0,0,851
"74","San Luis","Pfizer BioNTech Comirnaty",0,38695,37195,12270,180415
"74","San Luis","Pfizer Bivariante BA 4 5",0,0,0,0,2691
"74","San Luis","Pfizer Pediátrica",0,110,53,6,16479
"74","San Luis","Sinopharm Vacuna SARSCOV 2 inactivada",0,174551,165841,22,488
"74","San Luis","Sputnik Light",1,0,4,0,41
"74","San Luis","Sputnik V COVID19 Instituto Gamaleya",0,126859,93033,306,29918
"78","Santa Cruz","AstraZeneca ChAdOx1 S recombinante",0,65262,65133,8993,31138
"78","Santa Cruz","COVISHIELD ChAdOx1nCoV COVID 19",0,6017,730,0,0
"78","Santa Cruz","Cansino Ad5 nCoV",2350,0,90,1,2674
"78","Santa Cruz","Moderna 010 mg mL",0,824,342,0,2042
"78","Santa Cruz","Moderna ARNm 020 mg mL",0,9721,20450,121,66925
"78","Santa Cruz","Moderna Bivariante BA 4 5",0,0,0,0,219
"78","Santa Cruz","Pfizer BioNTech Comirnaty",0,24268,26048,7683,70194
"78","Santa Cruz","Pfizer Bivariante BA 4 5",0,0,5,0,5015
"78","Santa Cruz","Pfizer Pediátrica",0,115,71,12,3247
"78","Santa Cruz","Sinopharm Vacuna SARSCOV 2 inactivada",0,106311,94010,80,655
"78","Santa Cruz","Sputnik Light",9,0,22,0,297
"78","Santa Cruz","Sputnik V COVID19 Instituto Gamaleya",0,91649,68974,3135,23723
"82","Santa Fe","AstraZeneca ChAdOx1 S recombinante",0,761873,775005,248702,287952
"82","Santa Fe","COVISHIELD ChAdOx1nCoV COVID 19",0,41488,58,0,0
"82","Santa Fe","Cansino Ad5 nCoV",26555,0,179,29,2109
"82","Santa Fe","Moderna 010 mg mL",0,12776,6423,0,40654
"82","Santa Fe","Moderna ARNm 020 mg mL",0,47429,258474,14226,1455140
"82","Santa Fe","Moderna Bivariante BA 4 5",0,6,7,0,7850
"82","Santa Fe","Pfizer BioNTech Comirnaty",0,269384,262499,133662,1024002
"82","Santa Fe","Pfizer Bivariante BA 4 5",0,0,0,0,38675
"82","Santa Fe","Pfizer Pediátrica",0,527,277,1224,23757
"82","Santa Fe","Sinopharm Vacuna SARSCOV 2 inactivada",0,1182661,1104100,649,3285
"82","Santa Fe","Sputnik Light",76,0,150,0,1077
"82","Santa Fe","Sputnik V COVID19 Instituto Gamaleya",0,921754,648265,7664,122968
"86","Santiago del Estero","AstraZeneca ChAdOx1 S recombinante",0,212190,211907,49262,120810
"86","Santiago del Estero","COVISHIELD ChAdOx1nCoV COVID 19",0,11969,1316,0,0
"86","Santiago del Estero","Cansino Ad5 nCoV",17415,0,974,5207,75529
"86","Santiago del Estero","Moderna 010 mg mL",0,3976,1528,0,15321
"86","Santiago del Estero","Moderna ARNm 020 mg mL",0,11692,72824,1596,219509
"86","Santiago del Estero","Moderna Bivariante BA 4 5",0,0,0,0,706
"86","Santiago del Estero","Pfizer BioNTech Comirnaty",0,97073,91126,3753,131182
"86","Santiago del Estero","Pfizer Bivariante BA 4 5",0,0,16,0,7141
"86","Santiago del Estero","Pfizer Pediátrica",0,94,81,39,18352
"86","Santiago del Estero","Sinopharm Vacuna SARSCOV 2 inactivada",1,399142,370919,316,1501
"86","Santiago del Estero","Sputnik Light",1,0,1,0,34
"86","Santiago del Estero","Sputnik V COVID19 Instituto Gamaleya",0,229229,157049,14756,61687
"94","Tierra del Fuego","AstraZeneca ChAdOx1 S recombinante",0,35152,35552,6892,21437
"94","Tierra del Fuego","COVISHIELD ChAdOx1nCoV COVID 19",0,2740,758,0,0
"94","Tierra del Fuego","Cansino Ad5 nCoV",349,0,126,17,3138
"94","Tierra del Fuego","Moderna 010 mg mL",0,454,199,0,1119
"94","Tierra del Fuego","Moderna ARNm 020 mg mL",0,2417,12892,210,42893
"94","Tierra del Fuego","Moderna Bivariante BA 4 5",0,0,0,0,606
"94","Tierra del Fuego","Pfizer BioNTech Comirnaty",0,14517,13713,944,33826
"94","Tierra del Fuego","Pfizer Bivariante BA 4 5",0,6,2,0,3268
"94","Tierra del Fuego","Pfizer Pediátrica",0,123,54,10,3302
"94","Tierra del Fuego","Sinopharm Vacuna SARSCOV 2 inactivada",0,58526,53880,24,211
"94","Tierra del Fuego","Sputnik Light",3,0,3,0,0
"94","Tierra del Fuego","Sputnik V COVID19 Instituto Gamaleya",0,44858,30845,539,7487
"90","Tucumán","AstraZeneca ChAdOx1 S recombinante",0,352980,331936,43755,190792
"90","Tucumán","COVISHIELD ChAdOx1nCoV COVID 19",0,20654,87,0,0
"90","Tucumán","Cansino Ad5 nCoV",7717,0,69,1410,18405
"90","Tucumán","Moderna 010 mg mL",0,1753,688,0,6127
"90","Tucumán","Moderna ARNm 020 mg mL",0,34673,109327,21452,324173
"90","Tucumán","Moderna Bivariante BA 4 5",0,0,0,0,259
"90","Tucumán","Pfizer BioNTech Comirnaty",0,118777,102533,246,188702
"90","Tucumán","Pfizer Bivariante BA 4 5",0,0,0,0,16361
"90","Tucumán","Pfizer Pediátrica",0,2178,550,2650,36059
"90","Tucumán","Sinopharm Vacuna SARSCOV 2 inactivada",0,538914,476918,3,820
"90","Tucumán","Sputnik Light",36,0,68,0,2367
"90","Tucumán","Sputnik V COVID19 Instituto Gamaleya",0,431448,325084,4078,78438
