"jurisdiccion_codigo_indec","jurisdiccion_nombre","vacuna_nombre",dosis_unica_cantidad,primera_dosis_cantidad,segunda_dosis_cantidad,dosis_adicional_cantidad,dosis_refuerzo_cantidad
"06","Buenos Aires","AstraZeneca ChAdOx1 S recombinante",0,3648665,4022688,832866,1121866
"06","Buenos Aires","COVISHIELD ChAdOx1nCoV COVID 19",0,251418,383,0,0
"06","Buenos Aires","Cansino Ad5 nCoV",90334,0,7732,1632,110492
"06","Buenos Aires","Moderna 010 mg mL",0,52332,31661,0,181457
"06","Buenos Aires","Moderna ARNm 020 mg mL",0,426919,1263907,3185,4551256
"06","Buenos Aires","Moderna Bivariante BA 4 5",265,12,9,0,264091
"06","Buenos Aires","Pfizer BioNTech Comirnaty",0,1374317,1452448,77612,5407885
"06","Buenos Aires","Pfizer Bivariante BA 4 5",0,0,0,0,242155
"06","Buenos Aires","Pfizer Pediátrica",0,20650,10745,141171,2065
"06","Buenos Aires","Sinopharm Vacuna SARSCOV 2 inactivada",0,5957407,5271838,1662,12842
"06","Buenos Aires","Sputnik Light",414,0,1044,0,7713
"06","Buenos Aires","Sputnik V COVID19 Instituto Gamaleya",0,4315842,2693192,6256,859741
"02","CABA","AstraZeneca ChAdOx1 S recombinante",0,736301,770076,207354,508918
"02","CABA","COVISHIELD ChAdOx1nCoV COVID 19",0,66124,198,0,0
"02","CABA","Cansino Ad5 nCoV",30220,0,1715,47,51829
"02","CABA","Moderna 010 mg mL",0,16783,9790,0,64578
"02","CABA","Moderna ARNm 020 mg mL",0,36975,282717,1705,2073720
"02","CABA","Moderna Bivariante BA 4 5",2379,1290,1497,0,119255
"02","CABA","Pfizer BioNTech Comirnaty",0,196256,223149,64802,1294011
"02","CABA","Pfizer Bivariante BA 4 5",0,0,2,0,231233
"02","CABA","Pfizer Pediátrica",0,2918,2064,1678,90055
"02","CABA","Sinopharm Vacuna SARSCOV 2 inactivada",0,1031426,979328,1668,5488
"02","CABA","Sputnik Light",174,0,233,0,78
"02","CABA","Sputnik V COVID19 Instituto Gamaleya",0,903454,632114,1712,16514
"10","Catamarca","AstraZeneca ChAdOx1 S recombinante",0,86673,86610,18029,59964
"10","Catamarca","COVISHIELD ChAdOx1nCoV COVID 19",0,4822,13,0,0
"10","Catamarca","Cansino Ad5 nCoV",2587,0,1050,328,48701
"10","Catamarca","Moderna 010 mg mL",0,5659,2900,0,13075
"10","Catamarca","Moderna ARNm 020 mg mL",0,7725,24272,403,141503
"10","Catamarca","Moderna Bivariante BA 4 5",96,288,227,0,12791
"10","Catamarca","Pfizer BioNTech Comirnaty",0,33597,30818,863,97348
"10","Catamarca","Pfizer Bivariante BA 4 5",0,1,5,0,15207
"10","Catamarca","Pfizer Pediátrica",0,47,91,52,15652
"10","Catamarca","Sinopharm Vacuna SARSCOV 2 inactivada",0,171536,157648,43,667
"10","Catamarca","Sputnik Light",5,0,3,0,294
"10","Catamarca","Sputnik V COVID19 Instituto Gamaleya",0,96760,73695,1649,29528
"22","Chaco","AstraZeneca ChAdOx1 S recombinante",0,240529,220663,29269,92663
"22","Chaco","COVISHIELD ChAdOx1nCoV COVID 19",0,15552,791,0,0
"22","Chaco","Cansino Ad5 nCoV",11410,0,823,212,21367
"22","Chaco","Moderna 010 mg mL",0,4755,2474,0,17314
"22","Chaco","Moderna ARNm 020 mg mL",0,31722,70296,1400,174094
"22","Chaco","Moderna Bivariante BA 4 5",335,312,198,0,20099
"22","Chaco","Pfizer BioNTech Comirnaty",0,69528,58819,7795,163895
"22","Chaco","Pfizer Bivariante BA 4 5",0,6,23,0,17915
"22","Chaco","Pfizer Pediátrica",0,811,336,252,4202
"22","Chaco","Sinopharm Vacuna SARSCOV 2 inactivada",0,393536,314765,445,3751
"22","Chaco","Sputnik Light",51,0,82,0,589
"22","Chaco","Sputnik V COVID19 Instituto Gamaleya",0,258378,182127,4471,54833
"26","Chubut","AstraZeneca ChAdOx1 S recombinante",0,132922,128787,20527,45936
"26","Chubut","COVISHIELD ChAdOx1nCoV COVID 19",0,11936,662,0,0
"26","Chubut","Cansino Ad5 nCoV",3587,0,366,52,5776
"26","Chubut","Moderna 010 mg mL",0,706,515,0,3845
"26","Chubut","Moderna ARNm 020 mg mL",0,21141,34157,1220,89955
"26","Chubut","Moderna Bivariante BA 4 5",202,76,60,0,14975
"26","Chubut","Pfizer BioNTech Comirnaty",0,33499,40170,4516,146995
"26","Chubut","Pfizer Bivariante BA 4 5",0,1,4,0,11484
"26","Chubut","Pfizer Pediátrica",0,483,230,28,2713
"26","Chubut","Sinopharm Vacuna SARSCOV 2 inactivada",0,173445,142387,174,1028
"26","Chubut","Sputnik Light",51,0,46,0,106
"26","Chubut","Sputnik V COVID19 Instituto Gamaleya",0,136835,100194,905,15191
"18","Corrientes","AstraZeneca ChAdOx1 S recombinante",0,194331,186156,17688,161683
"18","Corrientes","COVISHIELD ChAdOx1nCoV COVID 19",0,19895,493,0,0
"18","Corrientes","Cansino Ad5 nCoV",11273,0,288,71,40838
"18","Corrientes","Moderna 010 mg mL",0,10878,4402,0,25257
"18","Corrientes","Moderna ARNm 020 mg mL",0,28290,63294,393,324157
"18","Corrientes","Moderna Bivariante BA 4 5",84,190,111,0,26336
"18","Corrientes","Pfizer BioNTech Comirnaty",0,83467,81676,1794,275258
"18","Corrientes","Pfizer Bivariante BA 4 5",0,1,3,0,25234
"18","Corrientes","Pfizer Pediátrica",0,390,261,262,42855
"18","Corrientes","Sinopharm Vacuna SARSCOV 2 inactivada",0,430277,370653,66,2559
"18","Corrientes","Sputnik Light",0,0,0,0,11
"18","Corrientes","Sputnik V COVID19 Instituto Gamaleya",0,268529,195272,16,48889
"14","Córdoba","AstraZeneca ChAdOx1 S recombinante",0,809359,825110,183918,658781
"14","Córdoba","COVISHIELD ChAdOx1nCoV COVID 19",0,44130,129,0,0
"14","Córdoba","Cansino Ad5 nCoV",38411,0,5735,33,11375
"14","Córdoba","Moderna 010 mg mL",0,8395,5064,0,59475
"14","Córdoba","Moderna ARNm 020 mg mL",0,50358,269014,37,927452
"14","Córdoba","Moderna Bivariante BA 4 5",637,175,188,0,35118
"14","Córdoba","Pfizer BioNTech Comirnaty",0,284157,259059,16564,728093
"14","Córdoba","Pfizer Bivariante BA 4 5",0,0,0,0,52374
"14","Córdoba","Pfizer Pediátrica",0,1771,1109,179,24683
"14","Córdoba","Sinopharm Vacuna SARSCOV 2 inactivada",0,1256904,1145057,512,9215
"14","Córdoba","Sputnik Light",37,0,8,0,17
"14","Córdoba","Sputnik V COVID19 Instituto Gamaleya",0,940037,627739,4081,98751
"30","Entre Ríos","AstraZeneca ChAdOx1 S recombinante",0,292130,287615,72090,179477
"30","Entre Ríos","COVISHIELD ChAdOx1nCoV COVID 19",0,17390,375,0,0
"30","Entre Ríos","Cansino Ad5 nCoV",14042,0,502,14,5349
"30","Entre Ríos","Moderna 010 mg mL",0,2950,1534,0,12011
"30","Entre Ríos","Moderna ARNm 020 mg mL",0,24213,86772,215,289405
"30","Entre Ríos","Moderna Bivariante BA 4 5",48,60,43,0,2414
"30","Entre Ríos","Pfizer BioNTech Comirnaty",0,98136,86554,7672,258411
"30","Entre Ríos","Pfizer Bivariante BA 4 5",0,3,9,0,19161
"30","Entre Ríos","Pfizer Pediátrica",0,256,139,51,14671
"30","Entre Ríos","Sinopharm Vacuna SARSCOV 2 inactivada",0,484619,430987,303,1635
"30","Entre Ríos","Sputnik Light",16,0,46,0,802
"30","Entre Ríos","Sputnik V COVID19 Instituto Gamaleya",0,325214,233689,3780,87232
"34","Formosa","AstraZeneca ChAdOx1 S recombinante",0,129563,156273,231065,77287
"34","Formosa","COVISHIELD ChAdOx1nCoV COVID 19",0,7392,8,0,0
"34","Formosa","Cansino Ad5 nCoV",7299,0,3,13,4799
"34","Formosa","Moderna 010 mg mL",0,5278,2230,0,22038
"34","Formosa","Moderna ARNm 020 mg mL",0,40759,9698,155,175147
"34","Formosa","Moderna Bivariante BA 4 5",0,823,792,0,27384
"34","Formosa","Pfizer BioNTech Comirnaty",0,26586,56193,21470,86683
"34","Formosa","Pfizer Bivariante BA 4 5",0,1,0,0,26922
"34","Formosa","Pfizer Pediátrica",0,30,88,118,11474
"34","Formosa","Sinopharm Vacuna SARSCOV 2 inactivada",0,235931,211579,372,445
"34","Formosa","Sputnik V COVID19 Instituto Gamaleya",0,138036,89211,2986,10079
"38","Jujuy","AstraZeneca ChAdOx1 S recombinante",0,165493,159596,31956,52876
"38","Jujuy","COVISHIELD ChAdOx1nCoV COVID 19",0,14040,296,0,0
"38","Jujuy","Cansino Ad5 nCoV",1729,0,1692,36,32610
"38","Jujuy","Moderna 010 mg mL",0,3325,1705,0,14098
"38","Jujuy","Moderna ARNm 020 mg mL",0,26972,43219,1542,201441
"38","Jujuy","Moderna Bivariante BA 4 5",424,219,186,0,32344
"38","Jujuy","Pfizer BioNTech Comirnaty",0,58158,72320,14713,159782
"38","Jujuy","Pfizer Bivariante BA 4 5",0,9,20,0,31400
"38","Jujuy","Pfizer Pediátrica",0,2585,962,183,14902
"38","Jujuy","Sinopharm Vacuna SARSCOV 2 inactivada",0,279862,221083,439,1661
"38","Jujuy","Sputnik Light",31,0,157,0,1212
"38","Jujuy","Sputnik V COVID19 Instituto Gamaleya",0,154374,125533,12803,38928
"42","La Pampa","AstraZeneca ChAdOx1 S recombinante",0,69665,76783,37248,46117
"42","La Pampa","COVISHIELD ChAdOx1nCoV COVID 19",0,4602,0,0,0
"42","La Pampa","Cansino Ad5 nCoV",2908,0,0,0,3251
"42","La Pampa","Moderna 010 mg mL",0,714,369,0,3237
"42","La Pampa","Moderna ARNm 020 mg mL",0,6374,26207,0,126033
"42","La Pampa","Moderna Bivariante BA 4 5",5,9,12,0,2566
"42","La Pampa","Pfizer BioNTech Comirnaty",0,27757,27447,4685,142692
"42","La Pampa","Pfizer Bivariante BA 4 5",0,0,1,0,9337
"42","La Pampa","Pfizer Pediátrica",0,199,113,0,5916
"42","La Pampa","Sinopharm Vacuna SARSCOV 2 inactivada",0,136156,131067,0,10
"42","La Pampa","Sputnik Light",14,0,0,0,202
"42","La Pampa","Sputnik V COVID19 Instituto Gamaleya",0,89681,62256,330,20220
"46","La Rioja","AstraZeneca ChAdOx1 S recombinante",0,78782,79599,21299,30544
"46","La Rioja","COVISHIELD ChAdOx1nCoV COVID 19",0,7273,126,0,0
"46","La Rioja","Cansino Ad5 nCoV",3153,0,52,0,4427
"46","La Rioja","Moderna 010 mg mL",0,1578,735,0,6576
"46","La Rioja","Moderna ARNm 020 mg mL",0,10483,27030,1892,113444
"46","La Rioja","Moderna Bivariante BA 4 5",158,86,53,0,9006
"46","La Rioja","Pfizer BioNTech Comirnaty",0,30349,35373,10361,104979
"46","La Rioja","Pfizer Bivariante BA 4 5",0,1,3,0,8564
"46","La Rioja","Pfizer Pediátrica",0,60,52,427,5845
"46","La Rioja","Sinopharm Vacuna SARSCOV 2 inactivada",0,140924,126594,56,573
"46","La Rioja","Sputnik Light",11,0,10,0,924
"46","La Rioja","Sputnik V COVID19 Instituto Gamaleya",0,95133,70108,4327,30358
"50","Mendoza","AstraZeneca ChAdOx1 S recombinante",0,442253,432691,43462,290191
"50","Mendoza","COVISHIELD ChAdOx1nCoV COVID 19",0,25683,476,0,0
"50","Mendoza","Cansino Ad5 nCoV",11543,0,1840,52,41974
"50","Mendoza","Moderna 010 mg mL",0,12210,7191,0,35348
"50","Mendoza","Moderna ARNm 020 mg mL",0,31996,146559,185,392574
"50","Mendoza","Moderna Bivariante BA 4 5",1110,440,552,0,26405
"50","Mendoza","Pfizer BioNTech Comirnaty",0,152918,155867,6846,415854
"50","Mendoza","Pfizer Bivariante BA 4 5",0,6,39,0,68365
"50","Mendoza","Pfizer Pediátrica",0,4224,1185,54,22326
"50","Mendoza","Sinopharm Vacuna SARSCOV 2 inactivada",0,615607,529516,296,2349
"50","Mendoza","Sputnik Light",126,0,221,0,1378
"50","Mendoza","Sputnik V COVID19 Instituto Gamaleya",0,473600,301225,3161,119912
"54","Misiones","AstraZeneca ChAdOx1 S recombinante",0,228331,242312,87975,63362
"54","Misiones","COVISHIELD ChAdOx1nCoV COVID 19",0,16888,823,0,0
"54","Misiones","Cansino Ad5 nCoV",7646,0,100,49,765
"54","Misiones","Moderna 010 mg mL",0,2339,1004,0,3918
"54","Misiones","Moderna ARNm 020 mg mL",0,43337,56506,1049,48010
"54","Misiones","Moderna Bivariante BA 4 5",182,284,193,0,2305
"54","Misiones","Pfizer BioNTech Comirnaty",0,62137,63967,15127,148694
"54","Misiones","Pfizer Bivariante BA 4 5",0,0,0,0,14191
"54","Misiones","Pfizer Pediátrica",0,2146,788,232,2696
"54","Misiones","Sinopharm Vacuna SARSCOV 2 inactivada",0,351241,280266,1075,5839
"54","Misiones","Sputnik Light",8,0,12,0,29
"54","Misiones","Sputnik V COVID19 Instituto Gamaleya",0,258112,175659,27760,52921
"58","Neuquén","AstraZeneca ChAdOx1 S recombinante",0,142584,146579,24392,73074
"58","Neuquén","COVISHIELD ChAdOx1nCoV COVID 19",0,12840,66,0,0
"58","Neuquén","Cansino Ad5 nCoV",10670,0,2489,1,58855
"58","Neuquén","Moderna 010 mg mL",0,1864,1041,0,7218
"58","Neuquén","Moderna ARNm 020 mg mL",0,14535,45844,65,146863
"58","Neuquén","Moderna Bivariante BA 4 5",53,106,167,0,5286
"58","Neuquén","Pfizer BioNTech Comirnaty",0,51188,48022,3302,146583
"58","Neuquén","Pfizer Bivariante BA 4 5",0,5,15,0,20049
"58","Neuquén","Pfizer Pediátrica",0,396,196,26,3967
"58","Neuquén","Sinopharm Vacuna SARSCOV 2 inactivada",0,236818,212891,87,619
"58","Neuquén","Sputnik Light",101,0,124,0,318
"58","Neuquén","Sputnik V COVID19 Instituto Gamaleya",0,173049,125536,1712,56379
"62","Río Negro","AstraZeneca ChAdOx1 S recombinante",0,139479,148861,36051,60964
"62","Río Negro","COVISHIELD ChAdOx1nCoV COVID 19",0,13632,95,0,0
"62","Río Negro","Cansino Ad5 nCoV",3831,0,595,39,11538
"62","Río Negro","Moderna 010 mg mL",0,1601,995,0,8802
"62","Río Negro","Moderna ARNm 020 mg mL",0,11561,51491,6408,167067
"62","Río Negro","Moderna Bivariante BA 4 5",661,42,59,0,13687
"62","Río Negro","Pfizer BioNTech Comirnaty",0,53073,51116,24684,153573
"62","Río Negro","Pfizer Bivariante BA 4 5",0,0,4,0,25394
"62","Río Negro","Pfizer Pediátrica",0,785,316,38,3877
"62","Río Negro","Sinopharm Vacuna SARSCOV 2 inactivada",0,266023,235340,584,1943
"62","Río Negro","Sputnik V COVID19 Instituto Gamaleya",0,170848,113410,14667,35142
"66","Salta","AstraZeneca ChAdOx1 S recombinante",0,312286,277029,23081,25923
"66","Salta","COVISHIELD ChAdOx1nCoV COVID 19",0,18005,73,0,0
"66","Salta","Cansino Ad5 nCoV",3936,0,258,476,8526
"66","Salta","Moderna 010 mg mL",0,5937,2500,0,24367
"66","Salta","Moderna ARNm 020 mg mL",0,36791,100596,4504,307387
"66","Salta","Moderna Bivariante BA 4 5",793,250,277,0,37804
"66","Salta","Pfizer BioNTech Comirnaty",0,105116,111655,17422,294700
"66","Salta","Pfizer Bivariante BA 4 5",0,7,40,0,52742
"66","Salta","Pfizer Pediátrica",0,3306,1117,53,7434
"66","Salta","Sinopharm Vacuna SARSCOV 2 inactivada",0,419889,343707,277,1397
"66","Salta","Sputnik Light",151,0,362,0,4201
"66","Salta","Sputnik V COVID19 Instituto Gamaleya",0,300547,206684,10559,58848
"70","San Juan","AstraZeneca ChAdOx1 S recombinante",0,157687,165592,24464,56003
"70","San Juan","COVISHIELD ChAdOx1nCoV COVID 19",0,8867,13,0,0
"70","San Juan","Cansino Ad5 nCoV",7286,0,1226,362,32366
"70","San Juan","Moderna 010 mg mL",0,2669,1496,0,14326
"70","San Juan","Moderna ARNm 020 mg mL",0,19529,45064,665,126613
"70","San Juan","Moderna Bivariante BA 4 5",147,55,65,0,10108
"70","San Juan","Pfizer BioNTech Comirnaty",0,58686,52683,7353,137700
"70","San Juan","Pfizer Bivariante BA 4 5",0,2,0,0,15294
"70","San Juan","Pfizer Pediátrica",0,590,330,2,9777
"70","San Juan","Sinopharm Vacuna SARSCOV 2 inactivada",0,264072,238526,53,445
"70","San Juan","Sputnik Light",75,0,121,0,652
"70","San Juan","Sputnik V COVID19 Instituto Gamaleya",0,197729,137157,6125,53050
"74","San Luis","AstraZeneca ChAdOx1 S recombinante",0,99369,106949,37238,55038
"74","San Luis","COVISHIELD ChAdOx1nCoV COVID 19",0,6829,0,0,0
"74","San Luis","Cansino Ad5 nCoV",6222,0,936,1,30840
"74","San Luis","Moderna 010 mg mL",0,656,282,0,5443
"74","San Luis","Moderna ARNm 020 mg mL",0,9278,32213,430,162190
"74","San Luis","Moderna Bivariante BA 4 5",93,31,29,0,5413
"74","San Luis","Pfizer BioNTech Comirnaty",0,38696,37199,12270,180436
"74","San Luis","Pfizer Bivariante BA 4 5",0,2,0,0,4160
"74","San Luis","Pfizer Pediátrica",0,110,53,6,16485
"74","San Luis","Sinopharm Vacuna SARSCOV 2 inactivada",0,174584,165904,22,496
"74","San Luis","Sputnik Light",8,0,12,0,317
"74","San Luis","Sputnik V COVID19 Instituto Gamaleya",0,126859,93033,306,29920
"78","Santa Cruz","AstraZeneca ChAdOx1 S recombinante",0,65268,65141,8993,31151
"78","Santa Cruz","COVISHIELD ChAdOx1nCoV COVID 19",0,6018,730,0,0
"78","Santa Cruz","Cansino Ad5 nCoV",2351,0,90,1,2674
"78","Santa Cruz","Moderna 010 mg mL",0,876,406,0,2191
"78","Santa Cruz","Moderna ARNm 020 mg mL",0,9724,20454,121,66980
"78","Santa Cruz","Moderna Bivariante BA 4 5",38,18,26,0,4675
"78","Santa Cruz","Pfizer BioNTech Comirnaty",0,24269,26054,7683,70246
"78","Santa Cruz","Pfizer Bivariante BA 4 5",0,0,5,0,9658
"78","Santa Cruz","Pfizer Pediátrica",0,115,71,12,3253
"78","Santa Cruz","Sinopharm Vacuna SARSCOV 2 inactivada",0,106336,94070,80,655
"78","Santa Cruz","Sputnik Light",24,0,48,0,517
"78","Santa Cruz","Sputnik V COVID19 Instituto Gamaleya",0,91652,68986,3135,23730
"82","Santa Fe","AstraZeneca ChAdOx1 S recombinante",0,761874,775014,248699,288006
"82","Santa Fe","COVISHIELD ChAdOx1nCoV COVID 19",0,41486,58,0,0
"82","Santa Fe","Cansino Ad5 nCoV",26556,0,179,29,2109
"82","Santa Fe","Moderna 010 mg mL",0,13293,7128,0,42877
"82","Santa Fe","Moderna ARNm 020 mg mL",0,47440,258495,14225,1457075
"82","Santa Fe","Moderna Bivariante BA 4 5",837,680,578,0,59054
"82","Santa Fe","Pfizer BioNTech Comirnaty",0,269394,262532,133659,1024135
"82","Santa Fe","Pfizer Bivariante BA 4 5",0,0,0,0,60515
"82","Santa Fe","Pfizer Pediátrica",0,528,278,1225,23768
"82","Santa Fe","Sinopharm Vacuna SARSCOV 2 inactivada",0,1182906,1104737,649,3337
"82","Santa Fe","Sputnik Light",155,0,319,0,2783
"82","Santa Fe","Sputnik V COVID19 Instituto Gamaleya",0,921745,648269,7664,122971
"86","Santiago del Estero","AstraZeneca ChAdOx1 S recombinante",0,212195,211916,49262,120824
"86","Santiago del Estero","COVISHIELD ChAdOx1nCoV COVID 19",0,11969,1317,0,0
"86","Santiago del Estero","Cansino Ad5 nCoV",17418,0,976,5207,75538
"86","Santiago del Estero","Moderna 010 mg mL",0,4164,1675,0,16050
"86","Santiago del Estero","Moderna ARNm 020 mg mL",0,11692,72827,1596,219579
"86","Santiago del Estero","Moderna Bivariante BA 4 5",11,80,68,0,4059
"86","Santiago del Estero","Pfizer BioNTech Comirnaty",0,97094,91149,3753,131388
"86","Santiago del Estero","Pfizer Bivariante BA 4 5",0,2,26,0,12786
"86","Santiago del Estero","Pfizer Pediátrica",0,94,81,39,18356
"86","Santiago del Estero","Sinopharm Vacuna SARSCOV 2 inactivada",1,399202,371021,316,1539
"86","Santiago del Estero","Sputnik Light",3,0,5,0,90
"86","Santiago del Estero","Sputnik V COVID19 Instituto Gamaleya",0,229235,157057,14756,61799
"94","Tierra del Fuego","AstraZeneca ChAdOx1 S recombinante",0,35152,35554,6892,21443
"94","Tierra del Fuego","COVISHIELD ChAdOx1nCoV COVID 19",0,2740,759,0,0
"94","Tierra del Fuego","Cansino Ad5 nCoV",349,0,126,17,3140
"94","Tierra del Fuego","Moderna 010 mg mL",0,471,224,0,1171
"94","Tierra del Fuego","Moderna ARNm 020 mg mL",0,2415,12895,210,42880
"94","Tierra del Fuego","Moderna Bivariante BA 4 5",108,22,25,0,5548
"94","Tierra del Fuego","Pfizer BioNTech Comirnaty",0,14517,13715,944,33858
"94","Tierra del Fuego","Pfizer Bivariante BA 4 5",0,7,2,0,6019
"94","Tierra del Fuego","Pfizer Pediátrica",0,123,54,10,3307
"94","Tierra del Fuego","Sinopharm Vacuna SARSCOV 2 inactivada",0,58534,53906,24,212
"94","Tierra del Fuego","Sputnik Light",9,0,12,0,6
"94","Tierra del Fuego","Sputnik V COVID19 Instituto Gamaleya",0,44858,30847,539,7488
"90","Tucumán","AstraZeneca ChAdOx1 S recombinante",0,352999,331989,43753,190990
"90","Tucumán","COVISHIELD ChAdOx1nCoV COVID 19",0,20665,90,0,0
"90","Tucumán","Cansino Ad5 nCoV",7720,0,68,1410,18501
"90","Tucumán","Moderna 010 mg mL",0,2029,921,0,9628
"90","Tucumán","Moderna ARNm 020 mg mL",0,34695,109369,21452,325893
"90","Tucumán","Moderna Bivariante BA 4 5",0,159,247,0,17732
"90","Tucumán","Pfizer BioNTech Comirnaty",0,118788,102588,246,189209
"90","Tucumán","Pfizer Bivariante BA 4 5",0,1,9,0,52072
"90","Tucumán","Pfizer Pediátrica",0,2180,557,2652,36495
"90","Tucumán","Sinopharm Vacuna SARSCOV 2 inactivada",0,539072,477348,3,941
"90","Tucumán","Sputnik Light",84,0,133,0,5664
"90","Tucumán","Sputnik V COVID19 Instituto Gamaleya",0,431465,325130,4078,78492
