"jurisdiccion_codigo_indec","jurisdiccion_nombre","vacuna_nombre",dosis_unica_cantidad,primera_dosis_cantidad,segunda_dosis_cantidad,dosis_adicional_cantidad,dosis_refuerzo_cantidad
"06","Buenos Aires","AstraZeneca ChAdOx1 S recombinante",0,3648656,4022680,832866,1121864
"06","Buenos Aires","COVISHIELD ChAdOx1nCoV COVID 19",0,251418,383,0,0
"06","Buenos Aires","Cansino Ad5 nCoV",90331,0,7732,1632,110491
"06","Buenos Aires","Moderna 010 mg mL",0,51600,30812,0,177220
"06","Buenos Aires","Moderna ARNm 020 mg mL",0,426909,1263879,3185,4549880
"06","Buenos Aires","Moderna Bivariante BA 4 5",10,1,0,0,131670
"06","Buenos Aires","Pfizer BioNTech Comirnaty",0,1374298,1452422,77612,5407762
"06","Buenos Aires","Pfizer Bivariante BA 4 5",0,0,0,0,241101
"06","Buenos Aires","Pfizer Pediátrica",0,20648,10742,141168,2061
"06","Buenos Aires","Sinopharm Vacuna SARSCOV 2 inactivada",0,5957387,5271788,1662,12808
"06","Buenos Aires","Sputnik Light",409,0,1040,0,7712
"06","Buenos Aires","Sputnik V COVID19 Instituto Gamaleya",0,4315839,2693189,6256,859741
"02","CABA","AstraZeneca ChAdOx1 S recombinante",0,728398,763044,204544,506961
"02","CABA","COVISHIELD ChAdOx1nCoV COVID 19",0,65730,197,0,0
"02","CABA","Cansino Ad5 nCoV",29925,0,1673,44,51053
"02","CABA","Moderna 010 mg mL",0,16390,9547,0,62908
"02","CABA","Moderna ARNm 020 mg mL",0,36674,280052,1489,2064545
"02","CABA","Moderna Bivariante BA 4 5",5,662,317,0,50870
"02","CABA","Pfizer BioNTech Comirnaty",0,193592,220471,62867,1286257
"02","CABA","Pfizer Bivariante BA 4 5",0,0,2,0,204652
"02","CABA","Pfizer Pediátrica",0,2890,2055,1677,89396
"02","CABA","Sinopharm Vacuna SARSCOV 2 inactivada",0,1019494,968431,1664,5454
"02","CABA","Sputnik Light",166,0,230,0,76
"02","CABA","Sputnik V COVID19 Instituto Gamaleya",0,896678,627505,231,14081
"10","Catamarca","AstraZeneca ChAdOx1 S recombinante",0,86672,86601,18029,59941
"10","Catamarca","COVISHIELD ChAdOx1nCoV COVID 19",0,4822,13,0,0
"10","Catamarca","Cansino Ad5 nCoV",2587,0,1050,328,48691
"10","Catamarca","Moderna 010 mg mL",0,5648,2897,0,13051
"10","Catamarca","Moderna ARNm 020 mg mL",0,7724,24268,403,141341
"10","Catamarca","Moderna Bivariante BA 4 5",13,109,36,0,7109
"10","Catamarca","Pfizer BioNTech Comirnaty",0,33583,30811,863,97313
"10","Catamarca","Pfizer Bivariante BA 4 5",0,1,5,0,14009
"10","Catamarca","Pfizer Pediátrica",0,46,91,52,15578
"10","Catamarca","Sinopharm Vacuna SARSCOV 2 inactivada",0,171524,157624,43,667
"10","Catamarca","Sputnik Light",5,0,3,0,294
"10","Catamarca","Sputnik V COVID19 Instituto Gamaleya",0,96759,73690,1649,29524
"22","Chaco","AstraZeneca ChAdOx1 S recombinante",0,240527,220658,29269,92655
"22","Chaco","COVISHIELD ChAdOx1nCoV COVID 19",0,15551,790,0,0
"22","Chaco","Cansino Ad5 nCoV",11410,0,823,212,21363
"22","Chaco","Moderna 010 mg mL",0,4747,2470,0,17269
"22","Chaco","Moderna ARNm 020 mg mL",0,31720,70295,1400,174035
"22","Chaco","Moderna Bivariante BA 4 5",128,111,73,0,11775
"22","Chaco","Pfizer BioNTech Comirnaty",0,69504,58802,7795,163848
"22","Chaco","Pfizer Bivariante BA 4 5",0,6,21,0,17626
"22","Chaco","Pfizer Pediátrica",0,808,335,251,4198
"22","Chaco","Sinopharm Vacuna SARSCOV 2 inactivada",0,393511,314724,445,3746
"22","Chaco","Sputnik Light",51,0,81,0,588
"22","Chaco","Sputnik V COVID19 Instituto Gamaleya",0,258374,182123,4471,54831
"26","Chubut","AstraZeneca ChAdOx1 S recombinante",0,132920,128783,20527,45933
"26","Chubut","COVISHIELD ChAdOx1nCoV COVID 19",0,11936,662,0,0
"26","Chubut","Cansino Ad5 nCoV",3587,0,366,52,5777
"26","Chubut","Moderna 010 mg mL",0,699,504,0,3801
"26","Chubut","Moderna ARNm 020 mg mL",0,21136,34150,1220,89942
"26","Chubut","Moderna Bivariante BA 4 5",29,20,13,0,10261
"26","Chubut","Pfizer BioNTech Comirnaty",0,33498,40167,4516,146984
"26","Chubut","Pfizer Bivariante BA 4 5",0,1,4,0,11483
"26","Chubut","Pfizer Pediátrica",0,483,230,28,2713
"26","Chubut","Sinopharm Vacuna SARSCOV 2 inactivada",0,173443,142383,174,1028
"26","Chubut","Sputnik Light",51,0,46,0,106
"26","Chubut","Sputnik V COVID19 Instituto Gamaleya",0,136833,100195,905,15191
"18","Corrientes","AstraZeneca ChAdOx1 S recombinante",0,194329,186154,17688,161675
"18","Corrientes","COVISHIELD ChAdOx1nCoV COVID 19",0,19895,493,0,0
"18","Corrientes","Cansino Ad5 nCoV",11273,0,288,71,40836
"18","Corrientes","Moderna 010 mg mL",0,10853,4374,0,25231
"18","Corrientes","Moderna ARNm 020 mg mL",0,28290,63292,393,324137
"18","Corrientes","Moderna Bivariante BA 4 5",38,38,2,0,16164
"18","Corrientes","Pfizer BioNTech Comirnaty",0,83464,81675,1794,275241
"18","Corrientes","Pfizer Bivariante BA 4 5",0,1,3,0,25183
"18","Corrientes","Pfizer Pediátrica",0,390,261,262,42855
"18","Corrientes","Sinopharm Vacuna SARSCOV 2 inactivada",0,430274,370643,66,2559
"18","Corrientes","Sputnik Light",0,0,0,0,11
"18","Corrientes","Sputnik V COVID19 Instituto Gamaleya",0,268527,195268,16,48889
"14","Córdoba","AstraZeneca ChAdOx1 S recombinante",0,809359,825110,183918,658777
"14","Córdoba","COVISHIELD ChAdOx1nCoV COVID 19",0,44130,129,0,0
"14","Córdoba","Cansino Ad5 nCoV",38410,0,5735,33,11375
"14","Córdoba","Moderna 010 mg mL",0,8326,5012,0,59135
"14","Córdoba","Moderna ARNm 020 mg mL",0,50359,269015,37,927607
"14","Córdoba","Moderna Bivariante BA 4 5",129,8,11,0,17324
"14","Córdoba","Pfizer BioNTech Comirnaty",0,284158,259057,16564,728113
"14","Córdoba","Pfizer Bivariante BA 4 5",0,0,0,0,52404
"14","Córdoba","Pfizer Pediátrica",0,1771,1109,179,24684
"14","Córdoba","Sinopharm Vacuna SARSCOV 2 inactivada",0,1256901,1145050,512,9215
"14","Córdoba","Sputnik Light",37,0,8,0,17
"14","Córdoba","Sputnik V COVID19 Instituto Gamaleya",0,940038,627739,4081,98751
"30","Entre Ríos","AstraZeneca ChAdOx1 S recombinante",0,292127,287612,72090,179431
"30","Entre Ríos","COVISHIELD ChAdOx1nCoV COVID 19",0,17390,375,0,0
"30","Entre Ríos","Cansino Ad5 nCoV",14040,0,502,14,5348
"30","Entre Ríos","Moderna 010 mg mL",0,2911,1508,0,11764
"30","Entre Ríos","Moderna ARNm 020 mg mL",0,24213,86771,215,289366
"30","Entre Ríos","Moderna Bivariante BA 4 5",8,10,4,0,374
"30","Entre Ríos","Pfizer BioNTech Comirnaty",0,98132,86543,7672,258251
"30","Entre Ríos","Pfizer Bivariante BA 4 5",0,3,7,0,15011
"30","Entre Ríos","Pfizer Pediátrica",0,256,139,51,14669
"30","Entre Ríos","Sinopharm Vacuna SARSCOV 2 inactivada",0,484607,430974,303,1634
"30","Entre Ríos","Sputnik Light",16,0,46,0,802
"30","Entre Ríos","Sputnik V COVID19 Instituto Gamaleya",0,325211,233681,3780,87228
"34","Formosa","AstraZeneca ChAdOx1 S recombinante",0,129563,156272,231065,77282
"34","Formosa","COVISHIELD ChAdOx1nCoV COVID 19",0,7392,8,0,0
"34","Formosa","Cansino Ad5 nCoV",7298,0,3,13,4799
"34","Formosa","Moderna 010 mg mL",0,5130,2123,0,21122
"34","Formosa","Moderna ARNm 020 mg mL",0,40757,9697,155,175136
"34","Formosa","Moderna Bivariante BA 4 5",0,197,197,0,13900
"34","Formosa","Pfizer BioNTech Comirnaty",0,26585,56191,21470,86678
"34","Formosa","Pfizer Bivariante BA 4 5",0,1,0,0,23851
"34","Formosa","Pfizer Pediátrica",0,30,88,117,11473
"34","Formosa","Sinopharm Vacuna SARSCOV 2 inactivada",0,235928,211571,372,445
"34","Formosa","Sputnik V COVID19 Instituto Gamaleya",0,138036,89211,2986,10079
"38","Jujuy","AstraZeneca ChAdOx1 S recombinante",0,165487,159582,31956,52866
"38","Jujuy","COVISHIELD ChAdOx1nCoV COVID 19",0,14039,295,0,0
"38","Jujuy","Cansino Ad5 nCoV",1729,0,1692,36,32606
"38","Jujuy","Moderna 010 mg mL",0,3324,1699,0,14080
"38","Jujuy","Moderna ARNm 020 mg mL",0,26971,43218,1542,201369
"38","Jujuy","Moderna Bivariante BA 4 5",88,55,55,0,20913
"38","Jujuy","Pfizer BioNTech Comirnaty",0,58153,72313,14713,159748
"38","Jujuy","Pfizer Bivariante BA 4 5",0,9,16,0,31191
"38","Jujuy","Pfizer Pediátrica",0,2585,962,183,14901
"38","Jujuy","Sinopharm Vacuna SARSCOV 2 inactivada",0,279840,221061,439,1650
"38","Jujuy","Sputnik Light",31,0,157,0,1212
"38","Jujuy","Sputnik V COVID19 Instituto Gamaleya",0,154373,125531,12803,38928
"42","La Pampa","AstraZeneca ChAdOx1 S recombinante",0,69665,76783,37248,46117
"42","La Pampa","COVISHIELD ChAdOx1nCoV COVID 19",0,4602,0,0,0
"42","La Pampa","Cansino Ad5 nCoV",2908,0,0,0,3251
"42","La Pampa","Moderna 010 mg mL",0,706,364,0,3150
"42","La Pampa","Moderna ARNm 020 mg mL",0,6374,26207,0,126030
"42","La Pampa","Moderna Bivariante BA 4 5",0,0,0,0,1757
"42","La Pampa","Pfizer BioNTech Comirnaty",0,27757,27447,4685,142690
"42","La Pampa","Pfizer Bivariante BA 4 5",0,0,1,0,7412
"42","La Pampa","Pfizer Pediátrica",0,199,113,0,5916
"42","La Pampa","Sinopharm Vacuna SARSCOV 2 inactivada",0,136154,131064,0,10
"42","La Pampa","Sputnik Light",14,0,0,0,202
"42","La Pampa","Sputnik V COVID19 Instituto Gamaleya",0,89681,62256,330,20220
"46","La Rioja","AstraZeneca ChAdOx1 S recombinante",0,78780,79596,21299,30541
"46","La Rioja","COVISHIELD ChAdOx1nCoV COVID 19",0,7272,126,0,0
"46","La Rioja","Cansino Ad5 nCoV",3153,0,52,0,4426
"46","La Rioja","Moderna 010 mg mL",0,1568,728,0,6362
"46","La Rioja","Moderna ARNm 020 mg mL",0,10482,27029,1892,113391
"46","La Rioja","Moderna Bivariante BA 4 5",27,8,6,0,2581
"46","La Rioja","Pfizer BioNTech Comirnaty",0,30349,35373,10361,104958
"46","La Rioja","Pfizer Bivariante BA 4 5",0,1,2,0,8505
"46","La Rioja","Pfizer Pediátrica",0,60,52,427,5844
"46","La Rioja","Sinopharm Vacuna SARSCOV 2 inactivada",0,140921,126586,56,573
"46","La Rioja","Sputnik Light",11,0,10,0,924
"46","La Rioja","Sputnik V COVID19 Instituto Gamaleya",0,95131,70105,4327,30356
"50","Mendoza","AstraZeneca ChAdOx1 S recombinante",0,442249,432684,43462,290184
"50","Mendoza","COVISHIELD ChAdOx1nCoV COVID 19",0,25683,476,0,0
"50","Mendoza","Cansino Ad5 nCoV",11543,0,1840,52,41974
"50","Mendoza","Moderna 010 mg mL",0,12166,7159,0,35172
"50","Mendoza","Moderna ARNm 020 mg mL",0,31996,146559,185,392560
"50","Mendoza","Moderna Bivariante BA 4 5",0,46,49,0,18242
"50","Mendoza","Pfizer BioNTech Comirnaty",0,152907,155855,6846,415835
"50","Mendoza","Pfizer Bivariante BA 4 5",0,4,35,0,57726
"50","Mendoza","Pfizer Pediátrica",0,4224,1185,54,22325
"50","Mendoza","Sinopharm Vacuna SARSCOV 2 inactivada",0,615606,529513,296,2349
"50","Mendoza","Sputnik Light",126,0,221,0,1377
"50","Mendoza","Sputnik V COVID19 Instituto Gamaleya",0,473597,301222,3161,119912
"54","Misiones","AstraZeneca ChAdOx1 S recombinante",0,228278,242222,87975,63150
"54","Misiones","COVISHIELD ChAdOx1nCoV COVID 19",0,16883,822,0,0
"54","Misiones","Cansino Ad5 nCoV",7625,0,98,49,757
"54","Misiones","Moderna 010 mg mL",0,2296,974,0,3848
"54","Misiones","Moderna ARNm 020 mg mL",0,43330,56486,1049,47629
"54","Misiones","Moderna Bivariante BA 4 5",1,16,14,0,952
"54","Misiones","Pfizer BioNTech Comirnaty",0,62071,63887,15127,148082
"54","Misiones","Pfizer Bivariante BA 4 5",0,0,0,0,12834
"54","Misiones","Pfizer Pediátrica",0,2125,773,232,2689
"54","Misiones","Sinopharm Vacuna SARSCOV 2 inactivada",0,351102,280080,1075,5813
"54","Misiones","Sputnik Light",8,0,12,0,29
"54","Misiones","Sputnik V COVID19 Instituto Gamaleya",0,258072,175597,27760,52823
"58","Neuquén","AstraZeneca ChAdOx1 S recombinante",0,142578,146560,24410,72939
"58","Neuquén","COVISHIELD ChAdOx1nCoV COVID 19",0,12840,66,0,0
"58","Neuquén","Cansino Ad5 nCoV",10645,0,2476,1,58606
"58","Neuquén","Moderna 010 mg mL",0,1862,1040,0,7208
"58","Neuquén","Moderna ARNm 020 mg mL",0,14527,45837,65,146652
"58","Neuquén","Moderna Bivariante BA 4 5",16,18,35,0,3139
"58","Neuquén","Pfizer BioNTech Comirnaty",0,51167,47974,3311,145968
"58","Neuquén","Pfizer Bivariante BA 4 5",0,5,14,0,18661
"58","Neuquén","Pfizer Pediátrica",0,394,196,26,3967
"58","Neuquén","Sinopharm Vacuna SARSCOV 2 inactivada",0,236735,212772,87,619
"58","Neuquén","Sputnik Light",101,0,123,0,318
"58","Neuquén","Sputnik V COVID19 Instituto Gamaleya",0,173041,125512,1713,56289
"62","Río Negro","AstraZeneca ChAdOx1 S recombinante",0,147380,155886,38870,62892
"62","Río Negro","COVISHIELD ChAdOx1nCoV COVID 19",0,14016,95,0,0
"62","Río Negro","Cansino Ad5 nCoV",4126,0,637,42,12312
"62","Río Negro","Moderna 010 mg mL",0,1828,1095,0,9003
"62","Río Negro","Moderna ARNm 020 mg mL",0,11848,54129,6624,175077
"62","Río Negro","Moderna Bivariante BA 4 5",103,10,12,0,9439
"62","Río Negro","Pfizer BioNTech Comirnaty",0,55729,53765,26623,161022
"62","Río Negro","Pfizer Bivariante BA 4 5",0,0,4,0,26534
"62","Río Negro","Pfizer Pediátrica",0,812,324,38,4456
"62","Río Negro","Sinopharm Vacuna SARSCOV 2 inactivada",0,277933,246185,588,1972
"62","Río Negro","Sputnik V COVID19 Instituto Gamaleya",0,177621,118013,16148,37571
"66","Salta","AstraZeneca ChAdOx1 S recombinante",0,312090,276796,23081,25836
"66","Salta","COVISHIELD ChAdOx1nCoV COVID 19",0,18005,73,0,0
"66","Salta","Cansino Ad5 nCoV",3915,0,258,476,8524
"66","Salta","Moderna 010 mg mL",0,5919,2491,0,24301
"66","Salta","Moderna ARNm 020 mg mL",0,36777,100537,4504,307237
"66","Salta","Moderna Bivariante BA 4 5",88,35,49,0,22288
"66","Salta","Pfizer BioNTech Comirnaty",0,104980,111456,17422,294256
"66","Salta","Pfizer Bivariante BA 4 5",0,7,39,0,52553
"66","Salta","Pfizer Pediátrica",0,3305,1117,53,7427
"66","Salta","Sinopharm Vacuna SARSCOV 2 inactivada",0,419534,343230,277,1368
"66","Salta","Sputnik Light",149,0,359,0,4199
"66","Salta","Sputnik V COVID19 Instituto Gamaleya",0,300443,206533,10559,58467
"70","San Juan","AstraZeneca ChAdOx1 S recombinante",0,157686,165590,24464,56002
"70","San Juan","COVISHIELD ChAdOx1nCoV COVID 19",0,8867,13,0,0
"70","San Juan","Cansino Ad5 nCoV",7286,0,1226,362,32366
"70","San Juan","Moderna 010 mg mL",0,2663,1489,0,14202
"70","San Juan","Moderna ARNm 020 mg mL",0,19532,45067,665,126723
"70","San Juan","Moderna Bivariante BA 4 5",40,20,20,0,6773
"70","San Juan","Pfizer BioNTech Comirnaty",0,58686,52682,7353,137696
"70","San Juan","Pfizer Bivariante BA 4 5",0,2,0,0,15281
"70","San Juan","Pfizer Pediátrica",0,590,330,2,9779
"70","San Juan","Sinopharm Vacuna SARSCOV 2 inactivada",0,264073,238525,53,445
"70","San Juan","Sputnik Light",75,0,121,0,652
"70","San Juan","Sputnik V COVID19 Instituto Gamaleya",0,197728,137154,6125,53047
"74","San Luis","AstraZeneca ChAdOx1 S recombinante",0,99369,106949,37238,55034
"74","San Luis","COVISHIELD ChAdOx1nCoV COVID 19",0,6829,0,0,0
"74","San Luis","Cansino Ad5 nCoV",6222,0,936,1,30838
"74","San Luis","Moderna 010 mg mL",0,648,276,0,5345
"74","San Luis","Moderna ARNm 020 mg mL",0,9278,32213,430,162177
"74","San Luis","Moderna Bivariante BA 4 5",6,11,6,0,3500
"74","San Luis","Pfizer BioNTech Comirnaty",0,38695,37196,12270,180423
"74","San Luis","Pfizer Bivariante BA 4 5",0,2,0,0,4135
"74","San Luis","Pfizer Pediátrica",0,110,53,6,16481
"74","San Luis","Sinopharm Vacuna SARSCOV 2 inactivada",0,174584,165897,22,495
"74","San Luis","Sputnik Light",8,0,12,0,317
"74","San Luis","Sputnik V COVID19 Instituto Gamaleya",0,126859,93033,306,29919
"78","Santa Cruz","AstraZeneca ChAdOx1 S recombinante",0,65267,65140,8993,31146
"78","Santa Cruz","COVISHIELD ChAdOx1nCoV COVID 19",0,6018,730,0,0
"78","Santa Cruz","Cansino Ad5 nCoV",2351,0,90,1,2674
"78","Santa Cruz","Moderna 010 mg mL",0,874,400,0,2184
"78","Santa Cruz","Moderna ARNm 020 mg mL",0,9723,20452,121,66971
"78","Santa Cruz","Moderna Bivariante BA 4 5",12,5,9,0,3113
"78","Santa Cruz","Pfizer BioNTech Comirnaty",0,24269,26053,7683,70239
"78","Santa Cruz","Pfizer Bivariante BA 4 5",0,0,5,0,8963
"78","Santa Cruz","Pfizer Pediátrica",0,115,71,12,3252
"78","Santa Cruz","Sinopharm Vacuna SARSCOV 2 inactivada",0,106332,94066,80,655
"78","Santa Cruz","Sputnik Light",24,0,47,0,517
"78","Santa Cruz","Sputnik V COVID19 Instituto Gamaleya",0,91649,68983,3135,23730
"82","Santa Fe","AstraZeneca ChAdOx1 S recombinante",0,761876,775013,248699,288005
"82","Santa Fe","COVISHIELD ChAdOx1nCoV COVID 19",0,41488,58,0,0
"82","Santa Fe","Cansino Ad5 nCoV",26556,0,179,29,2109
"82","Santa Fe","Moderna 010 mg mL",0,13270,7109,0,42818
"82","Santa Fe","Moderna ARNm 020 mg mL",0,47438,258495,14225,1457031
"82","Santa Fe","Moderna Bivariante BA 4 5",230,212,157,0,34684
"82","Santa Fe","Pfizer BioNTech Comirnaty",0,269393,262532,133659,1024132
"82","Santa Fe","Pfizer Bivariante BA 4 5",0,0,0,0,60464
"82","Santa Fe","Pfizer Pediátrica",0,528,278,1225,23764
"82","Santa Fe","Sinopharm Vacuna SARSCOV 2 inactivada",0,1182899,1104726,649,3336
"82","Santa Fe","Sputnik Light",154,0,319,0,2779
"82","Santa Fe","Sputnik V COVID19 Instituto Gamaleya",0,921754,648266,7664,122971
"86","Santiago del Estero","AstraZeneca ChAdOx1 S recombinante",0,212194,211913,49262,120823
"86","Santiago del Estero","COVISHIELD ChAdOx1nCoV COVID 19",0,11969,1317,0,0
"86","Santiago del Estero","Cansino Ad5 nCoV",17416,0,976,5207,75537
"86","Santiago del Estero","Moderna 010 mg mL",0,4094,1626,0,15862
"86","Santiago del Estero","Moderna ARNm 020 mg mL",0,11692,72826,1596,219576
"86","Santiago del Estero","Moderna Bivariante BA 4 5",0,3,3,0,2720
"86","Santiago del Estero","Pfizer BioNTech Comirnaty",0,97092,91149,3753,131379
"86","Santiago del Estero","Pfizer Bivariante BA 4 5",0,1,24,0,11364
"86","Santiago del Estero","Pfizer Pediátrica",0,94,81,39,18356
"86","Santiago del Estero","Sinopharm Vacuna SARSCOV 2 inactivada",1,399200,371019,316,1539
"86","Santiago del Estero","Sputnik Light",3,0,5,0,89
"86","Santiago del Estero","Sputnik V COVID19 Instituto Gamaleya",0,229233,157056,14756,61799
"94","Tierra del Fuego","AstraZeneca ChAdOx1 S recombinante",0,35152,35554,6892,21443
"94","Tierra del Fuego","COVISHIELD ChAdOx1nCoV COVID 19",0,2740,759,0,0
"94","Tierra del Fuego","Cansino Ad5 nCoV",349,0,126,17,3140
"94","Tierra del Fuego","Moderna 010 mg mL",0,469,217,0,1148
"94","Tierra del Fuego","Moderna ARNm 020 mg mL",0,2418,12896,210,42944
"94","Tierra del Fuego","Moderna Bivariante BA 4 5",21,9,5,0,3023
"94","Tierra del Fuego","Pfizer BioNTech Comirnaty",0,14517,13715,944,33841
"94","Tierra del Fuego","Pfizer Bivariante BA 4 5",0,7,2,0,6010
"94","Tierra del Fuego","Pfizer Pediátrica",0,123,54,10,3307
"94","Tierra del Fuego","Sinopharm Vacuna SARSCOV 2 inactivada",0,58536,53907,24,212
"94","Tierra del Fuego","Sputnik Light",9,0,12,0,6
"94","Tierra del Fuego","Sputnik V COVID19 Instituto Gamaleya",0,44859,30847,539,7488
"90","Tucumán","AstraZeneca ChAdOx1 S recombinante",0,352996,331971,43753,190885
"90","Tucumán","COVISHIELD ChAdOx1nCoV COVID 19",0,20658,88,0,0
"90","Tucumán","Cansino Ad5 nCoV",7718,0,69,1410,18442
"90","Tucumán","Moderna 010 mg mL",0,1928,873,0,8312
"90","Tucumán","Moderna ARNm 020 mg mL",0,34693,109366,21452,325745
"90","Tucumán","Moderna Bivariante BA 4 5",0,23,45,0,10571
"90","Tucumán","Pfizer BioNTech Comirnaty",0,118782,102577,246,189110
"90","Tucumán","Pfizer Bivariante BA 4 5",0,0,0,0,39564
"90","Tucumán","Pfizer Pediátrica",0,2180,556,2652,36471
"90","Tucumán","Sinopharm Vacuna SARSCOV 2 inactivada",0,539037,477301,3,940
"90","Tucumán","Sputnik Light",84,0,130,0,5584
"90","Tucumán","Sputnik V COVID19 Instituto Gamaleya",0,431457,325114,4078,78477
