"jurisdiccion_codigo_indec","jurisdiccion_nombre","vacuna_nombre",dosis_unica_cantidad,primera_dosis_cantidad,segunda_dosis_cantidad,dosis_adicional_cantidad,dosis_refuerzo_cantidad
"06","Buenos Aires","AstraZeneca ChAdOx1 S recombinante",0,3648671,4022692,832866,1121873
"06","Buenos Aires","COVISHIELD ChAdOx1nCoV COVID 19",0,251416,383,0,0
"06","Buenos Aires","Cansino Ad5 nCoV",90334,0,7732,1632,110492
"06","Buenos Aires","Moderna 010 mg mL",0,52541,31876,0,183274
"06","Buenos Aires","Moderna ARNm 020 mg mL",0,426931,1263917,3185,4551772
"06","Buenos Aires","Moderna Bivariante BA 4 5",297,22,16,0,599405
"06","Buenos Aires","Moderna Monovalente XBB 1 5",230,23,2,0,67
"06","Buenos Aires","Pfizer BioNTech Comirnaty",0,1374361,1452528,77612,5408369
"06","Buenos Aires","Pfizer Bivariante BA 4 5",0,2,0,0,395107
"06","Buenos Aires","Pfizer Pediátrica",0,20675,10766,141505,2077
"06","Buenos Aires","Sinopharm Vacuna SARSCOV 2 inactivada",0,5957634,5272115,1662,13079
"06","Buenos Aires","Sputnik Light",426,0,1081,0,7924
"06","Buenos Aires","Sputnik V COVID19 Instituto Gamaleya",0,4315843,2693196,6256,859743
"02","CABA","ARVAC proteina RBD gamma omicron BA 4 5",0,0,0,0,6
"02","CABA","AstraZeneca ChAdOx1 S recombinante",0,728435,763081,204528,507033
"02","CABA","COVISHIELD ChAdOx1nCoV COVID 19",0,65740,198,0,0
"02","CABA","Cansino Ad5 nCoV",29928,0,1673,44,51062
"02","CABA","Moderna 010 mg mL",0,16554,9692,0,64377
"02","CABA","Moderna ARNm 020 mg mL",0,36706,280102,1488,2065922
"02","CABA","Moderna Bivariante BA 4 5",5515,1896,3127,0,262500
"02","CABA","Moderna Monovalente XBB 1 5",6,512,372,0,1312
"02","CABA","Pfizer BioNTech Comirnaty",0,193602,220505,62863,1286642
"02","CABA","Pfizer Bivariante BA 4 5",0,7,3,0,325977
"02","CABA","Pfizer Pediátrica",0,2891,2057,1678,89478
"02","CABA","Sinopharm Vacuna SARSCOV 2 inactivada",0,1019530,968501,1664,5461
"02","CABA","Sputnik Light",175,0,234,0,78
"02","CABA","Sputnik V COVID19 Instituto Gamaleya",0,896701,627549,231,14087
"10","Catamarca","ARVAC proteina RBD gamma omicron BA 4 5",0,0,0,0,11
"10","Catamarca","AstraZeneca ChAdOx1 S recombinante",0,86677,86614,18029,59970
"10","Catamarca","COVISHIELD ChAdOx1nCoV COVID 19",0,4822,13,0,0
"10","Catamarca","Cansino Ad5 nCoV",2587,0,1050,328,48713
"10","Catamarca","Moderna 010 mg mL",0,5675,2901,0,13091
"10","Catamarca","Moderna ARNm 020 mg mL",0,7726,24274,403,141552
"10","Catamarca","Moderna Bivariante BA 4 5",219,433,355,0,19580
"10","Catamarca","Moderna Monovalente XBB 1 5",4,53,29,0,227
"10","Catamarca","Pfizer BioNTech Comirnaty",0,33600,30821,863,97362
"10","Catamarca","Pfizer Bivariante BA 4 5",0,2,5,0,22036
"10","Catamarca","Pfizer Pediátrica",0,47,91,52,15658
"10","Catamarca","Sinopharm Vacuna SARSCOV 2 inactivada",0,171542,157662,43,667
"10","Catamarca","Sputnik Light",5,0,3,0,295
"10","Catamarca","Sputnik V COVID19 Instituto Gamaleya",0,96762,73704,1649,29529
"22","Chaco","ARVAC proteina RBD gamma omicron BA 4 5",0,0,0,0,1
"22","Chaco","AstraZeneca ChAdOx1 S recombinante",0,240536,220679,29269,92683
"22","Chaco","COVISHIELD ChAdOx1nCoV COVID 19",0,15556,791,0,0
"22","Chaco","Cansino Ad5 nCoV",11410,0,823,212,21371
"22","Chaco","Moderna 010 mg mL",0,4761,2482,0,17360
"22","Chaco","Moderna ARNm 020 mg mL",0,31726,70303,1400,174151
"22","Chaco","Moderna Bivariante BA 4 5",859,683,416,0,34879
"22","Chaco","Moderna Monovalente XBB 1 5",37,24,27,0,235
"22","Chaco","Pfizer BioNTech Comirnaty",0,69538,58830,7795,163934
"22","Chaco","Pfizer Bivariante BA 4 5",0,13,35,0,30393
"22","Chaco","Pfizer Pediátrica",0,812,337,252,4204
"22","Chaco","Sinopharm Vacuna SARSCOV 2 inactivada",0,393564,314805,445,3754
"22","Chaco","Sputnik Light",51,0,82,0,589
"22","Chaco","Sputnik V COVID19 Instituto Gamaleya",0,258385,182139,4471,54837
"26","Chubut","ARVAC proteina RBD gamma omicron BA 4 5",0,0,0,0,2
"26","Chubut","AstraZeneca ChAdOx1 S recombinante",0,132925,128789,20527,45946
"26","Chubut","COVISHIELD ChAdOx1nCoV COVID 19",0,11937,662,0,0
"26","Chubut","Cansino Ad5 nCoV",3588,0,366,52,5776
"26","Chubut","Moderna 010 mg mL",0,707,516,0,3849
"26","Chubut","Moderna ARNm 020 mg mL",0,21142,34160,1220,89960
"26","Chubut","Moderna Bivariante BA 4 5",416,112,96,0,22888
"26","Chubut","Moderna Monovalente XBB 1 5",18,8,0,0,50
"26","Chubut","Pfizer BioNTech Comirnaty",0,33500,40172,4516,147048
"26","Chubut","Pfizer Bivariante BA 4 5",0,2,6,0,21876
"26","Chubut","Pfizer Pediátrica",0,483,230,28,2715
"26","Chubut","Sinopharm Vacuna SARSCOV 2 inactivada",0,173449,142392,174,1028
"26","Chubut","Sputnik Light",51,0,46,0,106
"26","Chubut","Sputnik V COVID19 Instituto Gamaleya",0,136836,100196,905,15191
"18","Corrientes","AstraZeneca ChAdOx1 S recombinante",0,194331,186160,17688,161686
"18","Corrientes","COVISHIELD ChAdOx1nCoV COVID 19",0,19895,493,0,0
"18","Corrientes","Cansino Ad5 nCoV",11274,0,288,71,40839
"18","Corrientes","Moderna 010 mg mL",0,10877,4402,0,25264
"18","Corrientes","Moderna ARNm 020 mg mL",0,28290,63296,393,324170
"18","Corrientes","Moderna Bivariante BA 4 5",201,363,236,0,35937
"18","Corrientes","Moderna Monovalente XBB 1 5",2,11,22,0,73
"18","Corrientes","Pfizer BioNTech Comirnaty",0,83467,81679,1794,275266
"18","Corrientes","Pfizer Bivariante BA 4 5",0,1,6,0,33562
"18","Corrientes","Pfizer Pediátrica",0,390,261,262,42856
"18","Corrientes","Sinopharm Vacuna SARSCOV 2 inactivada",0,430288,370671,66,2559
"18","Corrientes","Sputnik Light",0,0,0,0,11
"18","Corrientes","Sputnik V COVID19 Instituto Gamaleya",0,268530,195274,16,48892
"14","Córdoba","AstraZeneca ChAdOx1 S recombinante",0,809364,825122,183917,658794
"14","Córdoba","COVISHIELD ChAdOx1nCoV COVID 19",0,44130,129,0,0
"14","Córdoba","Cansino Ad5 nCoV",38411,0,5735,33,11375
"14","Córdoba","Moderna 010 mg mL",0,8400,5070,0,59554
"14","Córdoba","Moderna ARNm 020 mg mL",0,50357,269015,37,927463
"14","Córdoba","Moderna Bivariante BA 4 5",1592,641,543,0,80648
"14","Córdoba","Moderna Monovalente XBB 1 5",74,158,92,0,530
"14","Córdoba","Pfizer BioNTech Comirnaty",0,284160,259059,16564,728121
"14","Córdoba","Pfizer Bivariante BA 4 5",0,6,0,0,72473
"14","Córdoba","Pfizer Pediátrica",0,1771,1110,179,24696
"14","Córdoba","Sinopharm Vacuna SARSCOV 2 inactivada",0,1256913,1145067,512,9218
"14","Córdoba","Sputnik Light",37,0,8,0,17
"14","Córdoba","Sputnik V COVID19 Instituto Gamaleya",0,940036,627742,4081,98751
"30","Entre Ríos","ARVAC proteina RBD gamma omicron BA 4 5",0,0,0,0,1
"30","Entre Ríos","AstraZeneca ChAdOx1 S recombinante",0,292132,287621,72089,179490
"30","Entre Ríos","COVISHIELD ChAdOx1nCoV COVID 19",0,17390,375,0,0
"30","Entre Ríos","Cansino Ad5 nCoV",14042,0,502,14,5349
"30","Entre Ríos","Moderna 010 mg mL",0,2952,1537,0,12016
"30","Entre Ríos","Moderna ARNm 020 mg mL",0,24214,86776,215,289427
"30","Entre Ríos","Moderna Bivariante BA 4 5",330,158,100,0,9753
"30","Entre Ríos","Moderna Monovalente XBB 1 5",26,14,7,0,231
"30","Entre Ríos","Pfizer BioNTech Comirnaty",0,98142,86570,7672,258453
"30","Entre Ríos","Pfizer Bivariante BA 4 5",0,6,16,0,32182
"30","Entre Ríos","Pfizer Pediátrica",0,256,139,51,14671
"30","Entre Ríos","Sinopharm Vacuna SARSCOV 2 inactivada",0,484629,431005,303,1636
"30","Entre Ríos","Sputnik Light",16,0,46,0,802
"30","Entre Ríos","Sputnik V COVID19 Instituto Gamaleya",0,325219,233707,3780,87237
"34","Formosa","AstraZeneca ChAdOx1 S recombinante",0,129565,156276,231065,77301
"34","Formosa","COVISHIELD ChAdOx1nCoV COVID 19",0,7392,8,0,0
"34","Formosa","Cansino Ad5 nCoV",7298,0,3,13,4799
"34","Formosa","Moderna 010 mg mL",0,5292,2246,0,22149
"34","Formosa","Moderna ARNm 020 mg mL",0,40761,9699,155,175177
"34","Formosa","Moderna Bivariante BA 4 5",41,1694,1577,0,49778
"34","Formosa","Moderna Monovalente XBB 1 5",0,2,4,0,18
"34","Formosa","Pfizer BioNTech Comirnaty",0,26597,56201,21470,86695
"34","Formosa","Pfizer Bivariante BA 4 5",0,428,254,0,41408
"34","Formosa","Pfizer Pediátrica",0,30,88,118,11474
"34","Formosa","Sinopharm Vacuna SARSCOV 2 inactivada",0,235953,211601,372,445
"34","Formosa","Sputnik V COVID19 Instituto Gamaleya",0,138039,89213,2986,10079
"38","Jujuy","AstraZeneca ChAdOx1 S recombinante",0,165497,159614,31956,52893
"38","Jujuy","COVISHIELD ChAdOx1nCoV COVID 19",0,14040,296,0,0
"38","Jujuy","Cansino Ad5 nCoV",1730,0,1691,36,32620
"38","Jujuy","Moderna 010 mg mL",0,3330,1707,0,14111
"38","Jujuy","Moderna ARNm 020 mg mL",0,26981,43231,1542,201513
"38","Jujuy","Moderna Bivariante BA 4 5",2428,496,377,0,57720
"38","Jujuy","Moderna Monovalente XBB 1 5",86,21,49,0,388
"38","Jujuy","Pfizer BioNTech Comirnaty",0,58167,72330,14713,159826
"38","Jujuy","Pfizer Bivariante BA 4 5",0,34,59,0,46265
"38","Jujuy","Pfizer Pediátrica",0,2585,962,184,14904
"38","Jujuy","Sinopharm Vacuna SARSCOV 2 inactivada",0,279897,221120,439,1662
"38","Jujuy","Sputnik Light",31,0,157,0,1212
"38","Jujuy","Sputnik V COVID19 Instituto Gamaleya",0,154377,125536,12803,38932
"42","La Pampa","AstraZeneca ChAdOx1 S recombinante",0,69666,76784,37248,46117
"42","La Pampa","COVISHIELD ChAdOx1nCoV COVID 19",0,4602,0,0,0
"42","La Pampa","Cansino Ad5 nCoV",2908,0,0,0,3251
"42","La Pampa","Moderna 010 mg mL",0,714,369,0,3237
"42","La Pampa","Moderna ARNm 020 mg mL",0,6374,26207,0,126032
"42","La Pampa","Moderna Bivariante BA 4 5",99,59,30,0,6678
"42","La Pampa","Moderna Monovalente XBB 1 5",0,2,2,0,25
"42","La Pampa","Pfizer BioNTech Comirnaty",0,27757,27447,4685,142695
"42","La Pampa","Pfizer Bivariante BA 4 5",0,0,1,0,15779
"42","La Pampa","Pfizer Pediátrica",0,199,113,0,5916
"42","La Pampa","Sinopharm Vacuna SARSCOV 2 inactivada",0,136158,131068,0,10
"42","La Pampa","Sputnik Light",14,0,0,0,202
"42","La Pampa","Sputnik V COVID19 Instituto Gamaleya",0,89681,62256,330,20221
"46","La Rioja","ARVAC proteina RBD gamma omicron BA 4 5",0,0,0,0,15
"46","La Rioja","AstraZeneca ChAdOx1 S recombinante",0,78785,79605,21299,30547
"46","La Rioja","COVISHIELD ChAdOx1nCoV COVID 19",0,7273,126,0,0
"46","La Rioja","Cansino Ad5 nCoV",3154,0,52,0,4428
"46","La Rioja","Moderna 010 mg mL",0,1578,735,0,6585
"46","La Rioja","Moderna ARNm 020 mg mL",0,10483,27032,1892,113476
"46","La Rioja","Moderna Bivariante BA 4 5",1068,229,106,0,19845
"46","La Rioja","Moderna Monovalente XBB 1 5",1,11,8,0,107
"46","La Rioja","Pfizer BioNTech Comirnaty",0,30350,35374,10361,105013
"46","La Rioja","Pfizer Bivariante BA 4 5",0,1,3,0,17170
"46","La Rioja","Pfizer Pediátrica",0,60,52,427,5845
"46","La Rioja","Sinopharm Vacuna SARSCOV 2 inactivada",0,140937,126605,56,573
"46","La Rioja","Sputnik Light",11,0,11,0,924
"46","La Rioja","Sputnik V COVID19 Instituto Gamaleya",0,95135,70108,4327,30361
"50","Mendoza","ARVAC proteina RBD gamma omicron BA 4 5",0,0,0,0,2
"50","Mendoza","AstraZeneca ChAdOx1 S recombinante",0,442257,432700,43460,290204
"50","Mendoza","COVISHIELD ChAdOx1nCoV COVID 19",0,25683,476,0,0
"50","Mendoza","Cansino Ad5 nCoV",11544,0,1840,52,41974
"50","Mendoza","Moderna 010 mg mL",0,12217,7209,0,35398
"50","Mendoza","Moderna ARNm 020 mg mL",0,31998,146560,185,392595
"50","Mendoza","Moderna Bivariante BA 4 5",2138,998,1073,0,54088
"50","Mendoza","Moderna Monovalente XBB 1 5",165,70,38,0,214
"50","Mendoza","Pfizer BioNTech Comirnaty",0,152923,155875,6846,415885
"50","Mendoza","Pfizer Bivariante BA 4 5",0,6,42,0,107068
"50","Mendoza","Pfizer Pediátrica",0,4224,1186,54,22326
"50","Mendoza","Sinopharm Vacuna SARSCOV 2 inactivada",0,615609,529522,296,2349
"50","Mendoza","Sputnik Light",126,0,221,0,1380
"50","Mendoza","Sputnik V COVID19 Instituto Gamaleya",0,473602,301229,3161,119914
"54","Misiones","AstraZeneca ChAdOx1 S recombinante",0,228338,242319,87975,63372
"54","Misiones","COVISHIELD ChAdOx1nCoV COVID 19",0,16890,823,0,0
"54","Misiones","Cansino Ad5 nCoV",7653,0,100,49,766
"54","Misiones","Moderna 010 mg mL",0,2342,1007,0,3922
"54","Misiones","Moderna ARNm 020 mg mL",0,43340,56510,1049,48022
"54","Misiones","Moderna Bivariante BA 4 5",368,386,276,0,3496
"54","Misiones","Moderna Monovalente XBB 1 5",4,20,0,0,80
"54","Misiones","Pfizer BioNTech Comirnaty",0,62141,63972,15127,148730
"54","Misiones","Pfizer Bivariante BA 4 5",0,0,0,0,18943
"54","Misiones","Pfizer Pediátrica",0,2146,788,232,2697
"54","Misiones","Sinopharm Vacuna SARSCOV 2 inactivada",0,351266,280302,1075,5844
"54","Misiones","Sputnik Light",8,0,12,0,29
"54","Misiones","Sputnik V COVID19 Instituto Gamaleya",0,258116,175668,27760,52925
"58","Neuquén","ARVAC proteina RBD gamma omicron BA 4 5",0,0,0,0,1
"58","Neuquén","AstraZeneca ChAdOx1 S recombinante",0,142597,146619,24390,73129
"58","Neuquén","COVISHIELD ChAdOx1nCoV COVID 19",0,12841,66,0,0
"58","Neuquén","Cansino Ad5 nCoV",10682,0,2496,1,59097
"58","Neuquén","Moderna 010 mg mL",0,1871,1051,0,7276
"58","Neuquén","Moderna ARNm 020 mg mL",0,14540,45852,65,147099
"58","Neuquén","Moderna Bivariante BA 4 5",400,228,241,0,13613
"58","Neuquén","Moderna Monovalente XBB 1 5",25,13,20,0,117
"58","Neuquén","Pfizer BioNTech Comirnaty",0,51205,48049,3302,147010
"58","Neuquén","Pfizer Bivariante BA 4 5",0,8,21,0,38147
"58","Neuquén","Pfizer Pediátrica",0,396,196,26,3969
"58","Neuquén","Sinopharm Vacuna SARSCOV 2 inactivada",0,236864,212963,87,619
"58","Neuquén","Sputnik Light",103,0,124,0,322
"58","Neuquén","Sputnik V COVID19 Instituto Gamaleya",0,173060,125549,1712,56428
"62","Río Negro","ARVAC proteina RBD gamma omicron BA 4 5",0,0,0,0,3
"62","Río Negro","AstraZeneca ChAdOx1 S recombinante",0,147377,155885,38870,62901
"62","Río Negro","COVISHIELD ChAdOx1nCoV COVID 19",0,14016,95,0,0
"62","Río Negro","Cansino Ad5 nCoV",4125,0,637,42,12313
"62","Río Negro","Moderna 010 mg mL",0,1838,1101,0,9014
"62","Río Negro","Moderna ARNm 020 mg mL",0,11850,54130,6624,175167
"62","Río Negro","Moderna Bivariante BA 4 5",1803,109,104,0,25059
"62","Río Negro","Moderna Monovalente XBB 1 5",4,6,0,0,35
"62","Río Negro","Pfizer BioNTech Comirnaty",0,55732,53770,26621,161038
"62","Río Negro","Pfizer Bivariante BA 4 5",0,10,9,0,40746
"62","Río Negro","Pfizer Pediátrica",0,812,323,38,4458
"62","Río Negro","Sinopharm Vacuna SARSCOV 2 inactivada",0,277937,246196,588,1973
"62","Río Negro","Sputnik V COVID19 Instituto Gamaleya",0,177620,118016,16148,37572
"66","Salta","ARVAC proteina RBD gamma omicron BA 4 5",0,0,0,0,9
"66","Salta","AstraZeneca ChAdOx1 S recombinante",0,312308,277066,23081,25942
"66","Salta","COVISHIELD ChAdOx1nCoV COVID 19",0,18007,73,0,0
"66","Salta","Cansino Ad5 nCoV",3937,0,258,476,8527
"66","Salta","Moderna 010 mg mL",0,5943,2505,0,24403
"66","Salta","Moderna ARNm 020 mg mL",0,36799,100614,4504,307459
"66","Salta","Moderna Bivariante BA 4 5",2832,842,559,0,76558
"66","Salta","Moderna Monovalente XBB 1 5",63,15,9,0,925
"66","Salta","Pfizer BioNTech Comirnaty",0,105176,111707,17422,294766
"66","Salta","Pfizer Bivariante BA 4 5",0,14,44,0,72245
"66","Salta","Pfizer Pediátrica",0,3307,1117,53,7436
"66","Salta","Sinopharm Vacuna SARSCOV 2 inactivada",0,419961,343812,277,1405
"66","Salta","Sputnik Light",151,0,362,0,4208
"66","Salta","Sputnik V COVID19 Instituto Gamaleya",0,300560,206708,10559,58863
"70","San Juan","ARVAC proteina RBD gamma omicron BA 4 5",0,0,0,0,2
"70","San Juan","AstraZeneca ChAdOx1 S recombinante",0,157687,165593,24463,56000
"70","San Juan","COVISHIELD ChAdOx1nCoV COVID 19",0,8867,12,0,0
"70","San Juan","Cansino Ad5 nCoV",7284,0,1226,362,32329
"70","San Juan","Moderna 010 mg mL",0,2669,1499,0,14337
"70","San Juan","Moderna ARNm 020 mg mL",0,19530,45062,665,126643
"70","San Juan","Moderna Bivariante BA 4 5",279,105,92,0,15138
"70","San Juan","Moderna Monovalente XBB 1 5",5,8,4,0,73
"70","San Juan","Pfizer BioNTech Comirnaty",0,58685,52682,7353,137708
"70","San Juan","Pfizer Bivariante BA 4 5",0,2,0,0,21963
"70","San Juan","Pfizer Pediátrica",0,590,330,2,9777
"70","San Juan","Sinopharm Vacuna SARSCOV 2 inactivada",0,264071,238526,53,445
"70","San Juan","Sputnik Light",75,0,121,0,646
"70","San Juan","Sputnik V COVID19 Instituto Gamaleya",0,197727,137158,6125,53051
"74","San Luis","AstraZeneca ChAdOx1 S recombinante",0,99368,106948,37238,55039
"74","San Luis","COVISHIELD ChAdOx1nCoV COVID 19",0,6829,0,0,0
"74","San Luis","Cansino Ad5 nCoV",6222,0,936,1,30840
"74","San Luis","Moderna 010 mg mL",0,657,282,0,5444
"74","San Luis","Moderna ARNm 020 mg mL",0,9278,32213,430,162194
"74","San Luis","Moderna Bivariante BA 4 5",202,56,41,0,8367
"74","San Luis","Moderna Monovalente XBB 1 5",3,11,7,0,55
"74","San Luis","Pfizer BioNTech Comirnaty",0,38695,37199,12270,180436
"74","San Luis","Pfizer Bivariante BA 4 5",0,2,0,0,8312
"74","San Luis","Pfizer Pediátrica",0,110,53,6,16486
"74","San Luis","Sinopharm Vacuna SARSCOV 2 inactivada",0,174588,165908,22,496
"74","San Luis","Sputnik Light",8,0,12,0,317
"74","San Luis","Sputnik V COVID19 Instituto Gamaleya",0,126859,93033,306,29922
"78","Santa Cruz","AstraZeneca ChAdOx1 S recombinante",0,65270,65146,8993,31160
"78","Santa Cruz","COVISHIELD ChAdOx1nCoV COVID 19",0,6019,730,0,0
"78","Santa Cruz","Cansino Ad5 nCoV",2351,0,91,1,2674
"78","Santa Cruz","Moderna 010 mg mL",0,876,406,0,2195
"78","Santa Cruz","Moderna ARNm 020 mg mL",0,9724,20456,121,66998
"78","Santa Cruz","Moderna Bivariante BA 4 5",70,58,67,0,10680
"78","Santa Cruz","Moderna Monovalente XBB 1 5",2,4,3,0,35
"78","Santa Cruz","Pfizer BioNTech Comirnaty",0,24270,26057,7683,70256
"78","Santa Cruz","Pfizer Bivariante BA 4 5",0,0,5,0,14881
"78","Santa Cruz","Pfizer Pediátrica",0,115,71,12,3253
"78","Santa Cruz","Sinopharm Vacuna SARSCOV 2 inactivada",0,106343,94076,80,655
"78","Santa Cruz","Sputnik Light",24,0,48,0,517
"78","Santa Cruz","Sputnik V COVID19 Instituto Gamaleya",0,91655,68992,3135,23733
"82","Santa Fe","AstraZeneca ChAdOx1 S recombinante",0,761911,775066,248699,288638
"82","Santa Fe","COVISHIELD ChAdOx1nCoV COVID 19",0,41487,58,0,0
"82","Santa Fe","Cansino Ad5 nCoV",26592,0,182,29,2116
"82","Santa Fe","Moderna 010 mg mL",0,13342,7175,0,43250
"82","Santa Fe","Moderna ARNm 020 mg mL",0,47538,258658,14225,1464410
"82","Santa Fe","Moderna Bivariante BA 4 5",1877,1427,1016,0,105865
"82","Santa Fe","Pfizer BioNTech Comirnaty",0,269600,262792,133659,1028157
"82","Santa Fe","Pfizer Bivariante BA 4 5",0,9,0,0,86093
"82","Santa Fe","Pfizer Pediátrica",0,529,279,1239,23924
"82","Santa Fe","Sinopharm Vacuna SARSCOV 2 inactivada",0,1183537,1105470,649,3354
"82","Santa Fe","Sputnik Light",159,0,323,0,2812
"82","Santa Fe","Sputnik V COVID19 Instituto Gamaleya",0,921872,648489,7664,123463
"86","Santiago del Estero","AstraZeneca ChAdOx1 S recombinante",0,212199,211928,49262,120883
"86","Santiago del Estero","COVISHIELD ChAdOx1nCoV COVID 19",0,11969,1317,0,0
"86","Santiago del Estero","Cansino Ad5 nCoV",17419,0,977,5207,75595
"86","Santiago del Estero","Moderna 010 mg mL",0,4167,1677,0,16168
"86","Santiago del Estero","Moderna ARNm 020 mg mL",0,11692,72834,1596,219717
"86","Santiago del Estero","Moderna Bivariante BA 4 5",61,178,135,0,8391
"86","Santiago del Estero","Moderna Monovalente XBB 1 5",0,2,3,0,57
"86","Santiago del Estero","Pfizer BioNTech Comirnaty",0,97129,91278,3753,131460
"86","Santiago del Estero","Pfizer Bivariante BA 4 5",0,4,28,0,19835
"86","Santiago del Estero","Pfizer Pediátrica",0,94,81,39,18356
"86","Santiago del Estero","Sinopharm Vacuna SARSCOV 2 inactivada",1,399327,371157,316,1539
"86","Santiago del Estero","Sputnik Light",3,0,5,0,90
"86","Santiago del Estero","Sputnik V COVID19 Instituto Gamaleya",0,229310,157061,14756,61803
"94","Tierra del Fuego","AstraZeneca ChAdOx1 S recombinante",0,35152,35555,6892,21447
"94","Tierra del Fuego","COVISHIELD ChAdOx1nCoV COVID 19",0,2740,759,0,0
"94","Tierra del Fuego","Cansino Ad5 nCoV",349,0,126,17,3140
"94","Tierra del Fuego","Moderna 010 mg mL",0,471,224,0,1174
"94","Tierra del Fuego","Moderna ARNm 020 mg mL",0,2415,12895,210,42893
"94","Tierra del Fuego","Moderna Bivariante BA 4 5",383,34,36,0,8476
"94","Tierra del Fuego","Moderna Monovalente XBB 1 5",15,1,0,0,31
"94","Tierra del Fuego","Pfizer BioNTech Comirnaty",0,14517,13716,944,33860
"94","Tierra del Fuego","Pfizer Bivariante BA 4 5",0,7,2,0,9636
"94","Tierra del Fuego","Pfizer Pediátrica",0,123,54,10,3308
"94","Tierra del Fuego","Sinopharm Vacuna SARSCOV 2 inactivada",0,58534,53908,24,212
"94","Tierra del Fuego","Sputnik Light",9,0,12,0,6
"94","Tierra del Fuego","Sputnik V COVID19 Instituto Gamaleya",0,44858,30848,539,7488
"90","Tucumán","AstraZeneca ChAdOx1 S recombinante",0,354595,333679,43753,193876
"90","Tucumán","COVISHIELD ChAdOx1nCoV COVID 19",0,20765,93,0,0
"90","Tucumán","Cansino Ad5 nCoV",7904,0,71,1410,18690
"90","Tucumán","Moderna 010 mg mL",0,2080,928,0,9662
"90","Tucumán","Moderna ARNm 020 mg mL",0,34824,109783,21452,327780
"90","Tucumán","Moderna Bivariante BA 4 5",0,415,493,0,30392
"90","Tucumán","Moderna Monovalente XBB 1 5",0,5,4,0,22
"90","Tucumán","Pfizer BioNTech Comirnaty",0,119860,103671,246,203960
"90","Tucumán","Pfizer Bivariante BA 4 5",0,31,72,0,77463
"90","Tucumán","Pfizer Pediátrica",0,2222,561,2694,36999
"90","Tucumán","Sinopharm Vacuna SARSCOV 2 inactivada",0,545132,486699,3,960
"90","Tucumán","Sputnik Light",87,0,135,0,5716
"90","Tucumán","Sputnik V COVID19 Instituto Gamaleya",0,435048,326334,4078,79301
