"jurisdiccion_codigo_indec","jurisdiccion_nombre","vacuna_nombre",dosis_unica_cantidad,primera_dosis_cantidad,segunda_dosis_cantidad,dosis_adicional_cantidad,dosis_refuerzo_cantidad
"06","Buenos Aires","AstraZeneca ChAdOx1 S recombinante",0,3637535,4008602,834576,988963
"06","Buenos Aires","COVISHIELD ChAdOx1nCoV COVID 19",0,251145,350,0,0
"06","Buenos Aires","Cansino Ad5 nCoV",78410,0,0,1527,25260
"06","Buenos Aires","Moderna ARNm",0,346064,1036548,3186,241587
"06","Buenos Aires","Pfizer BioNTech Comirnaty",0,1200102,1017763,78241,2067503
"06","Buenos Aires","Sinopharm Vacuna SARSCOV 2 inactivada",0,5693201,4745844,1677,2635
"06","Buenos Aires","Sputnik V COVID19 Instituto Gamaleya",0,4240187,2641158,6291,374796
"02","CABA","AstraZeneca ChAdOx1 S recombinante",0,719186,748380,204810,343413
"02","CABA","COVISHIELD ChAdOx1nCoV COVID 19",0,65477,186,0,0
"02","CABA","Cansino Ad5 nCoV",26584,0,0,45,3695
"02","CABA","Moderna ARNm",0,19573,249000,1455,162639
"02","CABA","Pfizer BioNTech Comirnaty",0,179868,183737,62907,399285
"02","CABA","Sinopharm Vacuna SARSCOV 2 inactivada",0,972514,882157,1566,798
"02","CABA","Sputnik V COVID19 Instituto Gamaleya",0,894754,615673,241,286
"10","Catamarca","AstraZeneca ChAdOx1 S recombinante",0,86173,84788,17904,29330
"10","Catamarca","COVISHIELD ChAdOx1nCoV COVID 19",0,4813,10,0,0
"10","Catamarca","Cansino Ad5 nCoV",1665,0,0,120,3489
"10","Catamarca","Moderna ARNm",0,7397,22706,273,6375
"10","Catamarca","Pfizer BioNTech Comirnaty",0,32123,23899,802,13966
"10","Catamarca","Sinopharm Vacuna SARSCOV 2 inactivada",0,167049,143335,44,110
"10","Catamarca","Sputnik V COVID19 Instituto Gamaleya",0,96395,72021,1612,14650
"22","Chaco","AstraZeneca ChAdOx1 S recombinante",0,237281,212831,29188,63349
"22","Chaco","COVISHIELD ChAdOx1nCoV COVID 19",0,15506,758,0,0
"22","Chaco","Cansino Ad5 nCoV",5836,0,0,164,1729
"22","Chaco","Moderna ARNm",0,27387,60471,1186,17786
"22","Chaco","Pfizer BioNTech Comirnaty",0,57119,37326,7514,62864
"22","Chaco","Sinopharm Vacuna SARSCOV 2 inactivada",0,354442,252214,435,953
"22","Chaco","Sputnik V COVID19 Instituto Gamaleya",0,254836,173352,4050,28306
"26","Chubut","AstraZeneca ChAdOx1 S recombinante",0,131674,125862,20460,33716
"26","Chubut","COVISHIELD ChAdOx1nCoV COVID 19",0,11863,650,0,0
"26","Chubut","Cansino Ad5 nCoV",920,0,0,52,1390
"26","Chubut","Moderna ARNm",0,19446,29670,1118,12883
"26","Chubut","Pfizer BioNTech Comirnaty",0,27796,26499,4302,42275
"26","Chubut","Sinopharm Vacuna SARSCOV 2 inactivada",0,163772,124997,173,348
"26","Chubut","Sputnik V COVID19 Instituto Gamaleya",0,135951,97286,888,9765
"18","Corrientes","AstraZeneca ChAdOx1 S recombinante",0,191256,176103,17551,106807
"18","Corrientes","COVISHIELD ChAdOx1nCoV COVID 19",0,19856,452,0,0
"18","Corrientes","Cansino Ad5 nCoV",6922,0,0,50,1844
"18","Corrientes","Moderna ARNm",0,26336,56360,310,19962
"18","Corrientes","Pfizer BioNTech Comirnaty",0,74334,60345,1680,95461
"18","Corrientes","Sinopharm Vacuna SARSCOV 2 inactivada",0,404113,315299,66,526
"18","Corrientes","Sputnik V COVID19 Instituto Gamaleya",0,262635,179610,16,193
"14","Córdoba","AstraZeneca ChAdOx1 S recombinante",0,804750,805187,185065,471779
"14","Córdoba","COVISHIELD ChAdOx1nCoV COVID 19",0,44131,124,0,0
"14","Córdoba","Cansino Ad5 nCoV",27803,0,0,32,2319
"14","Córdoba","Moderna ARNm",0,41501,249432,36,8001
"14","Córdoba","Pfizer BioNTech Comirnaty",0,259405,205627,16755,261287
"14","Córdoba","Sinopharm Vacuna SARSCOV 2 inactivada",0,1208094,1051313,548,3680
"14","Córdoba","Sputnik V COVID19 Instituto Gamaleya",0,931446,616632,4026,53172
"30","Entre Ríos","AstraZeneca ChAdOx1 S recombinante",0,289019,277652,70867,127667
"30","Entre Ríos","COVISHIELD ChAdOx1nCoV COVID 19",0,17336,359,0,0
"30","Entre Ríos","Cansino Ad5 nCoV",10070,0,0,13,58
"30","Entre Ríos","Moderna ARNm",0,21776,80794,123,6922
"30","Entre Ríos","Pfizer BioNTech Comirnaty",0,89857,69058,6401,59042
"30","Entre Ríos","Sinopharm Vacuna SARSCOV 2 inactivada",0,459804,377000,300,521
"30","Entre Ríos","Sputnik V COVID19 Instituto Gamaleya",0,319802,219403,3508,10621
"34","Formosa","AstraZeneca ChAdOx1 S recombinante",0,128220,157156,241726,42409
"34","Formosa","COVISHIELD ChAdOx1nCoV COVID 19",0,7382,7,0,0
"34","Formosa","Cansino Ad5 nCoV",4752,0,0,13,1
"34","Formosa","Moderna ARNm",0,39050,5164,161,227
"34","Formosa","Pfizer BioNTech Comirnaty",0,23695,51277,21499,8688
"34","Formosa","Sinopharm Vacuna SARSCOV 2 inactivada",0,226882,192481,393,327
"34","Formosa","Sputnik V COVID19 Instituto Gamaleya",0,137010,87109,3032,2178
"38","Jujuy","AstraZeneca ChAdOx1 S recombinante",0,164430,156044,31768,32291
"38","Jujuy","COVISHIELD ChAdOx1nCoV COVID 19",0,14010,289,0,0
"38","Jujuy","Cansino Ad5 nCoV",140,0,0,1,85
"38","Jujuy","Moderna ARNm",0,22876,31687,1220,5080
"38","Jujuy","Pfizer BioNTech Comirnaty",0,47974,42911,14120,38991
"38","Jujuy","Sinopharm Vacuna SARSCOV 2 inactivada",0,261402,181475,439,292
"38","Jujuy","Sputnik V COVID19 Instituto Gamaleya",0,154171,122012,12620,18923
"42","La Pampa","AstraZeneca ChAdOx1 S recombinante",0,69101,76227,37273,27720
"42","La Pampa","COVISHIELD ChAdOx1nCoV COVID 19",0,4579,0,0,0
"42","La Pampa","Cansino Ad5 nCoV",2865,0,0,0,0
"42","La Pampa","Moderna ARNm",0,5472,25213,0,18590
"42","La Pampa","Pfizer BioNTech Comirnaty",0,26323,24521,4675,71404
"42","La Pampa","Sinopharm Vacuna SARSCOV 2 inactivada",0,132505,122631,0,0
"42","La Pampa","Sputnik V COVID19 Instituto Gamaleya",0,89411,61284,331,12135
"46","La Rioja","AstraZeneca ChAdOx1 S recombinante",0,78178,78027,21312,12849
"46","La Rioja","COVISHIELD ChAdOx1nCoV COVID 19",0,7235,118,0,0
"46","La Rioja","Cansino Ad5 nCoV",3022,0,0,0,5
"46","La Rioja","Moderna ARNm",0,9622,24617,1835,12281
"46","La Rioja","Pfizer BioNTech Comirnaty",0,28509,29449,10282,41108
"46","La Rioja","Sinopharm Vacuna SARSCOV 2 inactivada",0,137085,118417,61,193
"46","La Rioja","Sputnik V COVID19 Instituto Gamaleya",0,94829,68825,4284,18372
"50","Mendoza","AstraZeneca ChAdOx1 S recombinante",0,432028,412048,43339,179460
"50","Mendoza","COVISHIELD ChAdOx1nCoV COVID 19",0,25519,446,0,0
"50","Mendoza","Cansino Ad5 nCoV",7796,0,0,40,1317
"50","Mendoza","Moderna ARNm",0,24781,130765,132,8348
"50","Mendoza","Pfizer BioNTech Comirnaty",0,137812,123873,6512,208384
"50","Mendoza","Sinopharm Vacuna SARSCOV 2 inactivada",0,580781,450062,299,1139
"50","Mendoza","Sputnik V COVID19 Instituto Gamaleya",0,470918,293084,3059,68583
"54","Misiones","AstraZeneca ChAdOx1 S recombinante",0,222915,232597,88133,32074
"54","Misiones","COVISHIELD ChAdOx1nCoV COVID 19",0,16819,799,0,0
"54","Misiones","Cansino Ad5 nCoV",6154,0,0,49,68
"54","Misiones","Moderna ARNm",0,40466,51746,1051,736
"54","Misiones","Pfizer BioNTech Comirnaty",0,43784,31135,14883,37116
"54","Misiones","Sinopharm Vacuna SARSCOV 2 inactivada",0,296795,206777,1096,1903
"54","Misiones","Sputnik V COVID19 Instituto Gamaleya",0,250109,159392,27789,22761
"58","Neuquén","AstraZeneca ChAdOx1 S recombinante",0,140527,144807,23254,45469
"58","Neuquén","COVISHIELD ChAdOx1nCoV COVID 19",0,12792,60,0,0
"58","Neuquén","Cansino Ad5 nCoV",6994,0,0,0,5371
"58","Neuquén","Moderna ARNm",0,12677,40887,51,13773
"58","Neuquén","Pfizer BioNTech Comirnaty",0,46031,32341,3112,43986
"58","Neuquén","Sinopharm Vacuna SARSCOV 2 inactivada",0,224776,185863,77,300
"58","Neuquén","Sputnik V COVID19 Instituto Gamaleya",0,170583,122262,1676,42706
"62","Río Negro","AstraZeneca ChAdOx1 S recombinante",0,146713,154310,38921,45086
"62","Río Negro","COVISHIELD ChAdOx1nCoV COVID 19",0,14000,92,0,0
"62","Río Negro","Cansino Ad5 nCoV",3172,0,0,41,1798
"62","Río Negro","Moderna ARNm",0,9150,48057,5936,20741
"62","Río Negro","Pfizer BioNTech Comirnaty",0,52154,42348,26004,60873
"62","Río Negro","Sinopharm Vacuna SARSCOV 2 inactivada",0,270673,229628,592,889
"62","Río Negro","Sputnik V COVID19 Instituto Gamaleya",0,176711,116079,15888,26947
"66","Salta","AstraZeneca ChAdOx1 S recombinante",0,308751,269931,22949,16521
"66","Salta","COVISHIELD ChAdOx1nCoV COVID 19",0,17885,61,0,0
"66","Salta","Cansino Ad5 nCoV",2685,0,0,446,4707
"66","Salta","Moderna ARNm",0,28029,78025,3864,25130
"66","Salta","Pfizer BioNTech Comirnaty",0,85297,65547,16200,94353
"66","Salta","Sinopharm Vacuna SARSCOV 2 inactivada",0,379628,265664,263,352
"66","Salta","Sputnik V COVID19 Instituto Gamaleya",0,298401,199494,10153,33785
"70","San Juan","AstraZeneca ChAdOx1 S recombinante",0,156885,162115,24519,26208
"70","San Juan","COVISHIELD ChAdOx1nCoV COVID 19",0,8863,13,0,0
"70","San Juan","Cansino Ad5 nCoV",2527,0,0,361,7822
"70","San Juan","Moderna ARNm",0,18697,42127,642,34794
"70","San Juan","Pfizer BioNTech Comirnaty",0,54388,43362,7369,38144
"70","San Juan","Sinopharm Vacuna SARSCOV 2 inactivada",0,251605,214106,53,269
"70","San Juan","Sputnik V COVID19 Instituto Gamaleya",0,197446,134282,6125,44740
"74","San Luis","AstraZeneca ChAdOx1 S recombinante",0,99095,106064,37404,29684
"74","San Luis","COVISHIELD ChAdOx1nCoV COVID 19",0,6829,0,0,0
"74","San Luis","Cansino Ad5 nCoV",4812,0,0,1,1662
"74","San Luis","Moderna ARNm",0,8887,31469,430,35924
"74","San Luis","Pfizer BioNTech Comirnaty",0,36387,31774,12332,64016
"74","San Luis","Sinopharm Vacuna SARSCOV 2 inactivada",0,169061,156241,22,164
"74","San Luis","Sputnik V COVID19 Instituto Gamaleya",0,126100,91985,307,10305
"78","Santa Cruz","AstraZeneca ChAdOx1 S recombinante",0,64906,64229,9001,20845
"78","Santa Cruz","COVISHIELD ChAdOx1nCoV COVID 19",0,5989,725,0,0
"78","Santa Cruz","Cansino Ad5 nCoV",1980,0,0,1,247
"78","Santa Cruz","Moderna ARNm",0,9307,18912,121,797
"78","Santa Cruz","Pfizer BioNTech Comirnaty",0,22052,20182,7655,25521
"78","Santa Cruz","Sinopharm Vacuna SARSCOV 2 inactivada",0,100666,83895,83,424
"78","Santa Cruz","Sputnik V COVID19 Instituto Gamaleya",0,91086,67195,3035,13944
"82","Santa Fe","AstraZeneca ChAdOx1 S recombinante",0,758575,768706,249121,171777
"82","Santa Fe","COVISHIELD ChAdOx1nCoV COVID 19",0,41312,52,0,0
"82","Santa Fe","Cansino Ad5 nCoV",22901,0,0,32,67
"82","Santa Fe","Moderna ARNm",0,37918,240230,14193,180055
"82","Santa Fe","Pfizer BioNTech Comirnaty",0,245404,218951,132953,146490
"82","Santa Fe","Sinopharm Vacuna SARSCOV 2 inactivada",0,1146107,1023753,672,775
"82","Santa Fe","Sputnik V COVID19 Instituto Gamaleya",0,916012,631316,7681,10725
"86","Santiago del Estero","AstraZeneca ChAdOx1 S recombinante",0,211143,209395,49341,69776
"86","Santiago del Estero","COVISHIELD ChAdOx1nCoV COVID 19",0,11947,1297,0,0
"86","Santiago del Estero","Cansino Ad5 nCoV",13100,0,0,3532,22619
"86","Santiago del Estero","Moderna ARNm",0,10460,66965,1390,20136
"86","Santiago del Estero","Pfizer BioNTech Comirnaty",0,92056,75203,3488,24553
"86","Santiago del Estero","Sinopharm Vacuna SARSCOV 2 inactivada",0,384848,343076,315,699
"86","Santiago del Estero","Sputnik V COVID19 Instituto Gamaleya",0,228135,152815,14611,47007
"94","Tierra del Fuego","AstraZeneca ChAdOx1 S recombinante",0,34988,34993,6882,16548
"94","Tierra del Fuego","COVISHIELD ChAdOx1nCoV COVID 19",0,2739,756,0,0
"94","Tierra del Fuego","Cansino Ad5 nCoV",134,0,0,10,1131
"94","Tierra del Fuego","Moderna ARNm",0,1981,11952,188,4873
"94","Tierra del Fuego","Pfizer BioNTech Comirnaty",0,13957,12141,875,10334
"94","Tierra del Fuego","Sinopharm Vacuna SARSCOV 2 inactivada",0,57281,50765,23,81
"94","Tierra del Fuego","Sputnik V COVID19 Instituto Gamaleya",0,44609,30212,521,3907
"90","Tucumán","AstraZeneca ChAdOx1 S recombinante",0,349668,325758,43833,129663
"90","Tucumán","COVISHIELD ChAdOx1nCoV COVID 19",0,20609,75,0,0
"90","Tucumán","Cansino Ad5 nCoV",6987,0,0,1412,3670
"90","Tucumán","Moderna ARNm",0,32414,96268,19369,62380
"90","Tucumán","Pfizer BioNTech Comirnaty",0,112384,86933,244,1908
"90","Tucumán","Sinopharm Vacuna SARSCOV 2 inactivada",0,522094,431729,2,1
"90","Tucumán","Sputnik V COVID19 Instituto Gamaleya",0,426089,311506,3995,13069
