"jurisdiccion_codigo_indec","jurisdiccion_nombre","vacuna_nombre",primera_dosis_cantidad,segunda_dosis_cantidad
"06","Buenos Aires","AstraZeneca ChAdOx1 S recombinante",3265145,957721
"06","Buenos Aires","COVISHIELD ChAdOx1nCoV COVID 19",250728,310
"06","Buenos Aires","Moderna ARNm",37531,0
"06","Buenos Aires","Sinopharm Vacuna SARSCOV 2 inactivada",3037260,1270506
"06","Buenos Aires","Sputnik V COVID19 Instituto Gamaleya",3586412,910385
"02","CABA","AstraZeneca ChAdOx1 S recombinante",652446,294341
"02","CABA","COVISHIELD ChAdOx1nCoV COVID 19",65342,185
"02","CABA","Moderna ARNm",11232,55085
"02","CABA","Sinopharm Vacuna SARSCOV 2 inactivada",602459,317756
"02","CABA","Sputnik V COVID19 Instituto Gamaleya",754631,207469
"10","Catamarca","AstraZeneca ChAdOx1 S recombinante",80691,14978
"10","Catamarca","COVISHIELD ChAdOx1nCoV COVID 19",4562,1
"10","Catamarca","Moderna ARNm",1444,2259
"10","Catamarca","Sinopharm Vacuna SARSCOV 2 inactivada",92326,20570
"10","Catamarca","Sputnik V COVID19 Instituto Gamaleya",79070,21408
"22","Chaco","AstraZeneca ChAdOx1 S recombinante",208919,55108
"22","Chaco","COVISHIELD ChAdOx1nCoV COVID 19",15299,582
"22","Chaco","Moderna ARNm",3767,373
"22","Chaco","Sinopharm Vacuna SARSCOV 2 inactivada",144169,73741
"22","Chaco","Sputnik V COVID19 Instituto Gamaleya",215220,56038
"26","Chubut","AstraZeneca ChAdOx1 S recombinante",118147,26851
"26","Chubut","COVISHIELD ChAdOx1nCoV COVID 19",11721,611
"26","Chubut","Moderna ARNm",1066,441
"26","Chubut","Sinopharm Vacuna SARSCOV 2 inactivada",83725,41882
"26","Chubut","Sputnik V COVID19 Instituto Gamaleya",112850,32073
"18","Corrientes","AstraZeneca ChAdOx1 S recombinante",156252,64179
"18","Corrientes","COVISHIELD ChAdOx1nCoV COVID 19",19624,387
"18","Corrientes","Moderna ARNm",2453,1719
"18","Corrientes","Sinopharm Vacuna SARSCOV 2 inactivada",218529,66504
"18","Corrientes","Sputnik V COVID19 Instituto Gamaleya",207284,48662
"14","Córdoba","AstraZeneca ChAdOx1 S recombinante",732463,280130
"14","Córdoba","COVISHIELD ChAdOx1nCoV COVID 19",43652,67
"14","Córdoba","Sinopharm Vacuna SARSCOV 2 inactivada",681333,341848
"14","Córdoba","Sputnik V COVID19 Instituto Gamaleya",730775,188214
"30","Entre Ríos","AstraZeneca ChAdOx1 S recombinante",250420,64486
"30","Entre Ríos","COVISHIELD ChAdOx1nCoV COVID 19",17103,332
"30","Entre Ríos","Moderna ARNm",2942,1
"30","Entre Ríos","Sinopharm Vacuna SARSCOV 2 inactivada",240587,95697
"30","Entre Ríos","Sputnik V COVID19 Instituto Gamaleya",248993,67276
"34","Formosa","AstraZeneca ChAdOx1 S recombinante",113263,51858
"34","Formosa","COVISHIELD ChAdOx1nCoV COVID 19",7339,1
"34","Formosa","Moderna ARNm",3596,0
"34","Formosa","Sinopharm Vacuna SARSCOV 2 inactivada",134019,54367
"34","Formosa","Sputnik V COVID19 Instituto Gamaleya",108086,29866
"38","Jujuy","AstraZeneca ChAdOx1 S recombinante",151547,42849
"38","Jujuy","COVISHIELD ChAdOx1nCoV COVID 19",13966,280
"38","Jujuy","Moderna ARNm",2758,978
"38","Jujuy","Sinopharm Vacuna SARSCOV 2 inactivada",130100,49493
"38","Jujuy","Sputnik V COVID19 Instituto Gamaleya",148042,42375
"42","La Pampa","AstraZeneca ChAdOx1 S recombinante",65965,34785
"42","La Pampa","COVISHIELD ChAdOx1nCoV COVID 19",4565,0
"42","La Pampa","Moderna ARNm",2990,10600
"42","La Pampa","Sinopharm Vacuna SARSCOV 2 inactivada",77675,41578
"42","La Pampa","Sputnik V COVID19 Instituto Gamaleya",72201,20364
"46","La Rioja","AstraZeneca ChAdOx1 S recombinante",72411,23011
"46","La Rioja","COVISHIELD ChAdOx1nCoV COVID 19",7203,108
"46","La Rioja","Moderna ARNm",1804,601
"46","La Rioja","Sinopharm Vacuna SARSCOV 2 inactivada",80314,35212
"46","La Rioja","Sputnik V COVID19 Instituto Gamaleya",78609,22769
"50","Mendoza","AstraZeneca ChAdOx1 S recombinante",380869,110223
"50","Mendoza","COVISHIELD ChAdOx1nCoV COVID 19",25116,411
"50","Mendoza","Moderna ARNm",2603,5639
"50","Mendoza","Sinopharm Vacuna SARSCOV 2 inactivada",295162,122833
"50","Mendoza","Sputnik V COVID19 Instituto Gamaleya",404592,103000
"54","Misiones","AstraZeneca ChAdOx1 S recombinante",186246,68511
"54","Misiones","COVISHIELD ChAdOx1nCoV COVID 19",16492,791
"54","Misiones","Moderna ARNm",5474,4
"54","Misiones","Sinopharm Vacuna SARSCOV 2 inactivada",112180,58625
"54","Misiones","Sputnik V COVID19 Instituto Gamaleya",198172,56348
"58","Neuquén","AstraZeneca ChAdOx1 S recombinante",134953,38367
"58","Neuquén","COVISHIELD ChAdOx1nCoV COVID 19",12508,60
"58","Neuquén","Moderna ARNm",1185,6049
"58","Neuquén","Sinopharm Vacuna SARSCOV 2 inactivada",117481,55596
"58","Neuquén","Sputnik V COVID19 Instituto Gamaleya",129971,38143
"62","Río Negro","AstraZeneca ChAdOx1 S recombinante",133739,40743
"62","Río Negro","COVISHIELD ChAdOx1nCoV COVID 19",13950,89
"62","Río Negro","Moderna ARNm",3042,1900
"62","Río Negro","Sinopharm Vacuna SARSCOV 2 inactivada",162899,49863
"62","Río Negro","Sputnik V COVID19 Instituto Gamaleya",143902,41588
"66","Salta","AstraZeneca ChAdOx1 S recombinante",270739,63831
"66","Salta","COVISHIELD ChAdOx1nCoV COVID 19",17822,50
"66","Salta","Moderna ARNm",5029,1772
"66","Salta","Sinopharm Vacuna SARSCOV 2 inactivada",148752,64380
"66","Salta","Sputnik V COVID19 Instituto Gamaleya",260530,70524
"70","San Juan","AstraZeneca ChAdOx1 S recombinante",138645,40838
"70","San Juan","COVISHIELD ChAdOx1nCoV COVID 19",8795,12
"70","San Juan","Moderna ARNm",3830,3343
"70","San Juan","Sinopharm Vacuna SARSCOV 2 inactivada",140534,65089
"70","San Juan","Sputnik V COVID19 Instituto Gamaleya",159351,40242
"74","San Luis","AstraZeneca ChAdOx1 S recombinante",96868,45318
"74","San Luis","COVISHIELD ChAdOx1nCoV COVID 19",6826,0
"74","San Luis","Moderna ARNm",2363,2422
"74","San Luis","Sinopharm Vacuna SARSCOV 2 inactivada",103198,63092
"74","San Luis","Sputnik V COVID19 Instituto Gamaleya",99330,29449
"78","Santa Cruz","AstraZeneca ChAdOx1 S recombinante",53471,19631
"78","Santa Cruz","COVISHIELD ChAdOx1nCoV COVID 19",5912,712
"78","Santa Cruz","Moderna ARNm",834,1
"78","Santa Cruz","Sinopharm Vacuna SARSCOV 2 inactivada",49444,32008
"78","Santa Cruz","Sputnik V COVID19 Instituto Gamaleya",73221,21092
"82","Santa Fe","AstraZeneca ChAdOx1 S recombinante",732186,239352
"82","Santa Fe","COVISHIELD ChAdOx1nCoV COVID 19",41219,52
"82","Santa Fe","Moderna ARNm",10245,7
"82","Santa Fe","Sinopharm Vacuna SARSCOV 2 inactivada",650652,304762
"82","Santa Fe","Sputnik V COVID19 Instituto Gamaleya",717344,192035
"86","Santiago del Estero","AstraZeneca ChAdOx1 S recombinante",193389,61233
"86","Santiago del Estero","COVISHIELD ChAdOx1nCoV COVID 19",11843,1124
"86","Santiago del Estero","Moderna ARNm",1968,5559
"86","Santiago del Estero","Sinopharm Vacuna SARSCOV 2 inactivada",209324,72690
"86","Santiago del Estero","Sputnik V COVID19 Instituto Gamaleya",183235,47240
"94","Tierra del Fuego","AstraZeneca ChAdOx1 S recombinante",31669,9989
"94","Tierra del Fuego","COVISHIELD ChAdOx1nCoV COVID 19",2724,746
"94","Tierra del Fuego","Moderna ARNm",409,0
"94","Tierra del Fuego","Sinopharm Vacuna SARSCOV 2 inactivada",33888,12538
"94","Tierra del Fuego","Sputnik V COVID19 Instituto Gamaleya",34790,10468
"90","Tucumán","AstraZeneca ChAdOx1 S recombinante",286999,158940
"90","Tucumán","COVISHIELD ChAdOx1nCoV COVID 19",20538,58
"90","Tucumán","Moderna ARNm",5588,12288
"90","Tucumán","Sinopharm Vacuna SARSCOV 2 inactivada",291744,103529
"90","Tucumán","Sputnik V COVID19 Instituto Gamaleya",328645,86867
