"jurisdiccion_codigo_indec","jurisdiccion_nombre","vacuna_nombre",dosis_unica_cantidad,primera_dosis_cantidad,segunda_dosis_cantidad,dosis_adicional_cantidad,dosis_refuerzo_cantidad
"06","Buenos Aires","AstraZeneca ChAdOx1 S recombinante",0,3648653,4022678,832866,1121860
"06","Buenos Aires","COVISHIELD ChAdOx1nCoV COVID 19",0,251417,383,0,0
"06","Buenos Aires","Cansino Ad5 nCoV",90330,0,7732,1632,110490
"06","Buenos Aires","Moderna 010 mg mL",0,49983,28559,0,164553
"06","Buenos Aires","Moderna ARNm 020 mg mL",0,426883,1263835,3185,4548534
"06","Buenos Aires","Moderna Bivariante BA 4 5",0,0,0,0,58154
"06","Buenos Aires","Pfizer BioNTech Comirnaty",0,1374221,1452304,77612,5406729
"06","Buenos Aires","Pfizer Bivariante BA 4 5",0,0,0,0,215349
"06","Buenos Aires","Pfizer Pediátrica",0,20643,10735,141162,2033
"06","Buenos Aires","Sinopharm Vacuna SARSCOV 2 inactivada",0,5956909,5270737,1662,12512
"06","Buenos Aires","Sputnik Light",339,0,863,0,5988
"06","Buenos Aires","Sputnik V COVID19 Instituto Gamaleya",0,4315834,2693179,6256,859737
"02","CABA","AstraZeneca ChAdOx1 S recombinante",0,728395,763036,204550,506939
"02","CABA","COVISHIELD ChAdOx1nCoV COVID 19",0,65728,197,0,0
"02","CABA","Cansino Ad5 nCoV",29924,0,1673,44,51051
"02","CABA","Moderna 010 mg mL",0,15583,8766,0,61308
"02","CABA","Moderna ARNm 020 mg mL",0,36663,280025,1489,2064345
"02","CABA","Moderna Bivariante BA 4 5",0,0,1,0,2260
"02","CABA","Pfizer BioNTech Comirnaty",0,193587,220457,62872,1286143
"02","CABA","Pfizer Bivariante BA 4 5",0,0,2,0,175336
"02","CABA","Pfizer Pediátrica",0,2888,2054,1676,89326
"02","CABA","Sinopharm Vacuna SARSCOV 2 inactivada",0,1019399,968225,1664,5441
"02","CABA","Sputnik Light",162,0,226,0,75
"02","CABA","Sputnik V COVID19 Instituto Gamaleya",0,896673,627499,231,14079
"10","Catamarca","AstraZeneca ChAdOx1 S recombinante",0,86669,86598,18029,59921
"10","Catamarca","COVISHIELD ChAdOx1nCoV COVID 19",0,4821,13,0,0
"10","Catamarca","Cansino Ad5 nCoV",2586,0,1048,328,48586
"10","Catamarca","Moderna 010 mg mL",0,5533,2786,0,12660
"10","Catamarca","Moderna ARNm 020 mg mL",0,7722,24266,403,140969
"10","Catamarca","Moderna Bivariante BA 4 5",0,57,12,0,3634
"10","Catamarca","Pfizer BioNTech Comirnaty",0,33582,30809,863,96897
"10","Catamarca","Pfizer Bivariante BA 4 5",0,0,3,0,9747
"10","Catamarca","Pfizer Pediátrica",0,43,82,51,15492
"10","Catamarca","Sinopharm Vacuna SARSCOV 2 inactivada",0,171501,157566,43,648
"10","Catamarca","Sputnik Light",2,0,1,0,288
"10","Catamarca","Sputnik V COVID19 Instituto Gamaleya",0,96759,73685,1649,29508
"22","Chaco","AstraZeneca ChAdOx1 S recombinante",0,240515,220615,29269,92626
"22","Chaco","COVISHIELD ChAdOx1nCoV COVID 19",0,15550,789,0,0
"22","Chaco","Cansino Ad5 nCoV",11406,0,821,212,21324
"22","Chaco","Moderna 010 mg mL",0,4683,2387,0,16770
"22","Chaco","Moderna ARNm 020 mg mL",0,31714,70270,1400,173491
"22","Chaco","Moderna Bivariante BA 4 5",0,0,3,0,3357
"22","Chaco","Pfizer BioNTech Comirnaty",0,69466,58718,7795,163632
"22","Chaco","Pfizer Bivariante BA 4 5",0,5,14,0,16883
"22","Chaco","Pfizer Pediátrica",0,807,332,251,4191
"22","Chaco","Sinopharm Vacuna SARSCOV 2 inactivada",0,392983,314273,445,3691
"22","Chaco","Sputnik Light",39,0,74,0,427
"22","Chaco","Sputnik V COVID19 Instituto Gamaleya",0,258368,182104,4471,54821
"26","Chubut","AstraZeneca ChAdOx1 S recombinante",0,132917,128777,20527,45930
"26","Chubut","COVISHIELD ChAdOx1nCoV COVID 19",0,11936,662,0,0
"26","Chubut","Cansino Ad5 nCoV",3585,0,366,52,5772
"26","Chubut","Moderna 010 mg mL",0,666,461,0,3681
"26","Chubut","Moderna ARNm 020 mg mL",0,21131,34141,1220,89906
"26","Chubut","Moderna Bivariante BA 4 5",0,0,3,0,5167
"26","Chubut","Pfizer BioNTech Comirnaty",0,33470,40124,4516,146947
"26","Chubut","Pfizer Bivariante BA 4 5",0,1,4,0,11456
"26","Chubut","Pfizer Pediátrica",0,483,230,28,2707
"26","Chubut","Sinopharm Vacuna SARSCOV 2 inactivada",0,173431,142349,174,1017
"26","Chubut","Sputnik Light",48,0,46,0,106
"26","Chubut","Sputnik V COVID19 Instituto Gamaleya",0,136831,100192,905,15189
"18","Corrientes","AstraZeneca ChAdOx1 S recombinante",0,194177,186045,17688,161361
"18","Corrientes","COVISHIELD ChAdOx1nCoV COVID 19",0,19894,493,0,0
"18","Corrientes","Cansino Ad5 nCoV",11273,0,288,71,40834
"18","Corrientes","Moderna 010 mg mL",0,10790,4314,0,25017
"18","Corrientes","Moderna ARNm 020 mg mL",0,28288,63286,393,324108
"18","Corrientes","Moderna Bivariante BA 4 5",0,0,1,0,4960
"18","Corrientes","Pfizer BioNTech Comirnaty",0,83412,81606,1794,275017
"18","Corrientes","Pfizer Bivariante BA 4 5",0,1,1,0,20906
"18","Corrientes","Pfizer Pediátrica",0,389,255,262,42731
"18","Corrientes","Sinopharm Vacuna SARSCOV 2 inactivada",0,429312,370527,66,2550
"18","Corrientes","Sputnik Light",0,0,0,0,11
"18","Corrientes","Sputnik V COVID19 Instituto Gamaleya",0,268526,195189,16,48887
"14","Córdoba","AstraZeneca ChAdOx1 S recombinante",0,809360,825101,183918,658767
"14","Córdoba","COVISHIELD ChAdOx1nCoV COVID 19",0,44130,129,0,0
"14","Córdoba","Cansino Ad5 nCoV",38410,0,5735,33,11375
"14","Córdoba","Moderna 010 mg mL",0,8118,4794,0,58107
"14","Córdoba","Moderna ARNm 020 mg mL",0,50359,269015,37,927556
"14","Córdoba","Moderna Bivariante BA 4 5",0,0,0,0,6213
"14","Córdoba","Pfizer BioNTech Comirnaty",0,284090,258975,16564,727237
"14","Córdoba","Pfizer Bivariante BA 4 5",0,0,0,0,48577
"14","Córdoba","Pfizer Pediátrica",0,1771,1108,179,24678
"14","Córdoba","Sinopharm Vacuna SARSCOV 2 inactivada",0,1256829,1144902,512,9209
"14","Córdoba","Sputnik Light",37,0,8,0,17
"14","Córdoba","Sputnik V COVID19 Instituto Gamaleya",0,940039,627737,4081,98751
"30","Entre Ríos","AstraZeneca ChAdOx1 S recombinante",0,292127,287608,72090,179387
"30","Entre Ríos","COVISHIELD ChAdOx1nCoV COVID 19",0,17390,375,0,0
"30","Entre Ríos","Cansino Ad5 nCoV",14040,0,502,14,5347
"30","Entre Ríos","Moderna 010 mg mL",0,2858,1439,0,11155
"30","Entre Ríos","Moderna ARNm 020 mg mL",0,24212,86768,215,289234
"30","Entre Ríos","Moderna Bivariante BA 4 5",0,0,0,0,12
"30","Entre Ríos","Pfizer BioNTech Comirnaty",0,98125,86529,7714,258058
"30","Entre Ríos","Pfizer Bivariante BA 4 5",0,3,6,0,11462
"30","Entre Ríos","Pfizer Pediátrica",0,256,139,51,14669
"30","Entre Ríos","Sinopharm Vacuna SARSCOV 2 inactivada",0,484554,430895,304,1607
"30","Entre Ríos","Sputnik Light",11,0,37,0,663
"30","Entre Ríos","Sputnik V COVID19 Instituto Gamaleya",0,325203,233676,3780,87226
"34","Formosa","AstraZeneca ChAdOx1 S recombinante",0,129565,156271,231065,77272
"34","Formosa","COVISHIELD ChAdOx1nCoV COVID 19",0,7392,8,0,0
"34","Formosa","Cansino Ad5 nCoV",7298,0,3,13,4796
"34","Formosa","Moderna 010 mg mL",0,4824,1838,0,19339
"34","Formosa","Moderna ARNm 020 mg mL",0,40757,9697,155,175112
"34","Formosa","Moderna Bivariante BA 4 5",0,0,0,0,4955
"34","Formosa","Pfizer BioNTech Comirnaty",0,26584,56187,21470,86620
"34","Formosa","Pfizer Bivariante BA 4 5",0,0,0,0,11525
"34","Formosa","Pfizer Pediátrica",0,30,88,117,11473
"34","Formosa","Sinopharm Vacuna SARSCOV 2 inactivada",0,235886,211506,372,445
"34","Formosa","Sputnik V COVID19 Instituto Gamaleya",0,138035,89211,2986,10078
"38","Jujuy","AstraZeneca ChAdOx1 S recombinante",0,165474,159559,31956,52850
"38","Jujuy","COVISHIELD ChAdOx1nCoV COVID 19",0,14039,295,0,0
"38","Jujuy","Cansino Ad5 nCoV",1729,0,1690,36,32599
"38","Jujuy","Moderna 010 mg mL",0,3319,1681,0,13990
"38","Jujuy","Moderna ARNm 020 mg mL",0,26967,43210,1542,201248
"38","Jujuy","Moderna Bivariante BA 4 5",0,1,4,0,10470
"38","Jujuy","Pfizer BioNTech Comirnaty",0,58150,72299,14713,159625
"38","Jujuy","Pfizer Bivariante BA 4 5",0,6,11,0,26756
"38","Jujuy","Pfizer Pediátrica",0,2585,962,183,14872
"38","Jujuy","Sinopharm Vacuna SARSCOV 2 inactivada",0,279721,220836,439,1559
"38","Jujuy","Sputnik Light",26,0,145,0,993
"38","Jujuy","Sputnik V COVID19 Instituto Gamaleya",0,154369,125529,12803,38914
"42","La Pampa","AstraZeneca ChAdOx1 S recombinante",0,69664,76783,37248,46116
"42","La Pampa","COVISHIELD ChAdOx1nCoV COVID 19",0,4602,0,0,0
"42","La Pampa","Cansino Ad5 nCoV",2907,0,0,0,3251
"42","La Pampa","Moderna 010 mg mL",0,677,338,0,3074
"42","La Pampa","Moderna ARNm 020 mg mL",0,6372,26206,0,126008
"42","La Pampa","Moderna Bivariante BA 4 5",0,0,0,0,1068
"42","La Pampa","Pfizer BioNTech Comirnaty",0,27758,27445,4685,142650
"42","La Pampa","Pfizer Bivariante BA 4 5",0,0,1,0,6049
"42","La Pampa","Pfizer Pediátrica",0,199,113,0,5916
"42","La Pampa","Sinopharm Vacuna SARSCOV 2 inactivada",0,136145,131055,0,10
"42","La Pampa","Sputnik Light",12,0,0,0,198
"42","La Pampa","Sputnik V COVID19 Instituto Gamaleya",0,89678,62255,330,20220
"46","La Rioja","AstraZeneca ChAdOx1 S recombinante",0,78780,79594,21299,30536
"46","La Rioja","COVISHIELD ChAdOx1nCoV COVID 19",0,7272,126,0,0
"46","La Rioja","Cansino Ad5 nCoV",3153,0,52,0,4426
"46","La Rioja","Moderna 010 mg mL",0,1530,690,0,5811
"46","La Rioja","Moderna ARNm 020 mg mL",0,10482,27028,1892,113213
"46","La Rioja","Moderna Bivariante BA 4 5",0,0,0,0,114
"46","La Rioja","Pfizer BioNTech Comirnaty",0,30349,35372,10361,104935
"46","La Rioja","Pfizer Bivariante BA 4 5",0,0,1,0,6697
"46","La Rioja","Pfizer Pediátrica",0,60,52,427,5840
"46","La Rioja","Sinopharm Vacuna SARSCOV 2 inactivada",0,140905,126566,56,569
"46","La Rioja","Sputnik Light",7,0,7,0,755
"46","La Rioja","Sputnik V COVID19 Instituto Gamaleya",0,95131,70103,4327,30358
"50","Mendoza","AstraZeneca ChAdOx1 S recombinante",0,442241,432673,43462,290169
"50","Mendoza","COVISHIELD ChAdOx1nCoV COVID 19",0,25681,475,0,0
"50","Mendoza","Cansino Ad5 nCoV",11543,0,1840,52,41974
"50","Mendoza","Moderna 010 mg mL",0,11818,6711,0,33357
"50","Mendoza","Moderna ARNm 020 mg mL",0,31992,146551,185,392480
"50","Mendoza","Moderna Bivariante BA 4 5",0,8,17,0,15129
"50","Mendoza","Pfizer BioNTech Comirnaty",0,152804,155674,6846,415373
"50","Mendoza","Pfizer Bivariante BA 4 5",0,4,29,0,38686
"50","Mendoza","Pfizer Pediátrica",0,4222,1184,54,22294
"50","Mendoza","Sinopharm Vacuna SARSCOV 2 inactivada",0,615578,529428,296,2349
"50","Mendoza","Sputnik Light",110,0,207,0,1049
"50","Mendoza","Sputnik V COVID19 Instituto Gamaleya",0,473595,301219,3161,119911
"54","Misiones","AstraZeneca ChAdOx1 S recombinante",0,228269,242202,87976,63122
"54","Misiones","COVISHIELD ChAdOx1nCoV COVID 19",0,16881,821,0,0
"54","Misiones","Cansino Ad5 nCoV",7624,0,98,49,756
"54","Misiones","Moderna 010 mg mL",0,2170,863,0,3437
"54","Misiones","Moderna ARNm 020 mg mL",0,43325,56480,1049,47511
"54","Misiones","Moderna Bivariante BA 4 5",0,0,0,0,519
"54","Misiones","Pfizer BioNTech Comirnaty",0,62051,63860,15127,147901
"54","Misiones","Pfizer Bivariante BA 4 5",0,0,0,0,11179
"54","Misiones","Pfizer Pediátrica",0,2121,766,230,2627
"54","Misiones","Sinopharm Vacuna SARSCOV 2 inactivada",0,350955,279868,1075,5736
"54","Misiones","Sputnik Light",8,0,12,0,29
"54","Misiones","Sputnik V COVID19 Instituto Gamaleya",0,258061,175585,27760,52805
"58","Neuquén","AstraZeneca ChAdOx1 S recombinante",0,142565,146528,24426,72781
"58","Neuquén","COVISHIELD ChAdOx1nCoV COVID 19",0,12840,66,0,0
"58","Neuquén","Cansino Ad5 nCoV",10594,0,2450,1,57934
"58","Neuquén","Moderna 010 mg mL",0,1854,1024,0,7098
"58","Neuquén","Moderna ARNm 020 mg mL",0,14512,45827,66,146456
"58","Neuquén","Moderna Bivariante BA 4 5",0,1,0,0,2231
"58","Neuquén","Pfizer BioNTech Comirnaty",0,51125,47872,3322,145335
"58","Neuquén","Pfizer Bivariante BA 4 5",0,5,12,0,15635
"58","Neuquén","Pfizer Pediátrica",0,392,196,26,3967
"58","Neuquén","Sinopharm Vacuna SARSCOV 2 inactivada",0,236558,212509,87,611
"58","Neuquén","Sputnik Light",79,0,105,0,254
"58","Neuquén","Sputnik V COVID19 Instituto Gamaleya",0,173026,125500,1714,56271
"62","Río Negro","AstraZeneca ChAdOx1 S recombinante",0,147378,155882,38870,62885
"62","Río Negro","COVISHIELD ChAdOx1nCoV COVID 19",0,14016,95,0,0
"62","Río Negro","Cansino Ad5 nCoV",4125,0,637,42,12311
"62","Río Negro","Moderna 010 mg mL",0,1802,1061,0,8942
"62","Río Negro","Moderna ARNm 020 mg mL",0,11838,54126,6624,175020
"62","Río Negro","Moderna Bivariante BA 4 5",0,0,1,0,5341
"62","Río Negro","Pfizer BioNTech Comirnaty",0,55713,53749,26623,161005
"62","Río Negro","Pfizer Bivariante BA 4 5",0,0,2,0,23910
"62","Río Negro","Pfizer Pediátrica",0,808,321,38,4451
"62","Río Negro","Sinopharm Vacuna SARSCOV 2 inactivada",0,277892,246067,588,1944
"62","Río Negro","Sputnik V COVID19 Instituto Gamaleya",0,177621,118012,16148,37565
"66","Salta","AstraZeneca ChAdOx1 S recombinante",0,312063,276757,23081,25829
"66","Salta","COVISHIELD ChAdOx1nCoV COVID 19",0,18005,73,0,0
"66","Salta","Cansino Ad5 nCoV",3914,0,258,476,8522
"66","Salta","Moderna 010 mg mL",0,5833,2376,0,23595
"66","Salta","Moderna ARNm 020 mg mL",0,36764,100511,4504,307077
"66","Salta","Moderna Bivariante BA 4 5",0,1,6,0,14774
"66","Salta","Pfizer BioNTech Comirnaty",0,104963,111409,17422,294150
"66","Salta","Pfizer Bivariante BA 4 5",0,3,29,0,37684
"66","Salta","Pfizer Pediátrica",0,3304,1117,53,7426
"66","Salta","Sinopharm Vacuna SARSCOV 2 inactivada",0,418921,342276,277,1260
"66","Salta","Sputnik Light",131,0,320,0,3862
"66","Salta","Sputnik V COVID19 Instituto Gamaleya",0,300427,206504,10559,58444
"70","San Juan","AstraZeneca ChAdOx1 S recombinante",0,157684,165588,24464,55998
"70","San Juan","COVISHIELD ChAdOx1nCoV COVID 19",0,8867,13,0,0
"70","San Juan","Cansino Ad5 nCoV",7285,0,1225,362,32362
"70","San Juan","Moderna 010 mg mL",0,2649,1461,0,14161
"70","San Juan","Moderna ARNm 020 mg mL",0,19528,45065,665,126713
"70","San Juan","Moderna Bivariante BA 4 5",0,0,0,0,5301
"70","San Juan","Pfizer BioNTech Comirnaty",0,58686,52682,7353,137685
"70","San Juan","Pfizer Bivariante BA 4 5",0,1,0,0,12910
"70","San Juan","Pfizer Pediátrica",0,590,330,2,9778
"70","San Juan","Sinopharm Vacuna SARSCOV 2 inactivada",0,264045,238469,53,444
"70","San Juan","Sputnik Light",64,0,98,0,505
"70","San Juan","Sputnik V COVID19 Instituto Gamaleya",0,197726,137121,6125,53047
"74","San Luis","AstraZeneca ChAdOx1 S recombinante",0,99369,106949,37239,55034
"74","San Luis","COVISHIELD ChAdOx1nCoV COVID 19",0,6829,0,0,0
"74","San Luis","Cansino Ad5 nCoV",6221,0,936,1,30833
"74","San Luis","Moderna 010 mg mL",0,621,255,0,5199
"74","San Luis","Moderna ARNm 020 mg mL",0,9277,32213,430,162177
"74","San Luis","Moderna Bivariante BA 4 5",0,0,0,0,2085
"74","San Luis","Pfizer BioNTech Comirnaty",0,38695,37196,12270,180417
"74","San Luis","Pfizer Bivariante BA 4 5",0,0,0,0,3699
"74","San Luis","Pfizer Pediátrica",0,110,53,6,16479
"74","San Luis","Sinopharm Vacuna SARSCOV 2 inactivada",0,174574,165877,22,493
"74","San Luis","Sputnik Light",6,0,7,0,225
"74","San Luis","Sputnik V COVID19 Instituto Gamaleya",0,126859,93033,306,29918
"78","Santa Cruz","AstraZeneca ChAdOx1 S recombinante",0,65266,65137,8993,31142
"78","Santa Cruz","COVISHIELD ChAdOx1nCoV COVID 19",0,6017,730,0,0
"78","Santa Cruz","Cansino Ad5 nCoV",2350,0,90,1,2674
"78","Santa Cruz","Moderna 010 mg mL",0,843,371,0,2103
"78","Santa Cruz","Moderna ARNm 020 mg mL",0,9721,20451,121,66953
"78","Santa Cruz","Moderna Bivariante BA 4 5",0,0,1,0,1449
"78","Santa Cruz","Pfizer BioNTech Comirnaty",0,24268,26050,7683,70221
"78","Santa Cruz","Pfizer Bivariante BA 4 5",0,0,5,0,7699
"78","Santa Cruz","Pfizer Pediátrica",0,115,71,12,3252
"78","Santa Cruz","Sinopharm Vacuna SARSCOV 2 inactivada",0,106321,94046,80,655
"78","Santa Cruz","Sputnik Light",16,0,38,0,469
"78","Santa Cruz","Sputnik V COVID19 Instituto Gamaleya",0,91649,68981,3135,23727
"82","Santa Fe","AstraZeneca ChAdOx1 S recombinante",0,761874,775009,248699,287953
"82","Santa Fe","COVISHIELD ChAdOx1nCoV COVID 19",0,41488,58,0,0
"82","Santa Fe","Cansino Ad5 nCoV",26555,0,179,29,2109
"82","Santa Fe","Moderna 010 mg mL",0,13165,6920,0,42126
"82","Santa Fe","Moderna ARNm 020 mg mL",0,47436,258489,14225,1455232
"82","Santa Fe","Moderna Bivariante BA 4 5",0,9,10,0,21478
"82","Santa Fe","Pfizer BioNTech Comirnaty",0,269384,262502,133659,1024018
"82","Santa Fe","Pfizer Bivariante BA 4 5",0,0,0,0,48733
"82","Santa Fe","Pfizer Pediátrica",0,527,277,1224,23759
"82","Santa Fe","Sinopharm Vacuna SARSCOV 2 inactivada",0,1182831,1104506,649,3325
"82","Santa Fe","Sputnik Light",130,0,271,0,2299
"82","Santa Fe","Sputnik V COVID19 Instituto Gamaleya",0,921754,648265,7664,122969
"86","Santiago del Estero","AstraZeneca ChAdOx1 S recombinante",0,212191,211909,49262,120812
"86","Santiago del Estero","COVISHIELD ChAdOx1nCoV COVID 19",0,11969,1317,0,0
"86","Santiago del Estero","Cansino Ad5 nCoV",17415,0,976,5207,75536
"86","Santiago del Estero","Moderna 010 mg mL",0,4023,1569,0,15551
"86","Santiago del Estero","Moderna ARNm 020 mg mL",0,11692,72825,1596,219530
"86","Santiago del Estero","Moderna Bivariante BA 4 5",0,0,1,0,1324
"86","Santiago del Estero","Pfizer BioNTech Comirnaty",0,97077,91134,3753,131273
"86","Santiago del Estero","Pfizer Bivariante BA 4 5",0,1,24,0,9366
"86","Santiago del Estero","Pfizer Pediátrica",0,94,81,39,18355
"86","Santiago del Estero","Sinopharm Vacuna SARSCOV 2 inactivada",1,399163,370962,316,1524
"86","Santiago del Estero","Sputnik Light",3,0,5,0,78
"86","Santiago del Estero","Sputnik V COVID19 Instituto Gamaleya",0,229231,157053,14756,61707
"94","Tierra del Fuego","AstraZeneca ChAdOx1 S recombinante",0,35153,35554,6892,21439
"94","Tierra del Fuego","COVISHIELD ChAdOx1nCoV COVID 19",0,2740,758,0,0
"94","Tierra del Fuego","Cansino Ad5 nCoV",349,0,126,17,3139
"94","Tierra del Fuego","Moderna 010 mg mL",0,460,206,0,1132
"94","Tierra del Fuego","Moderna ARNm 020 mg mL",0,2417,12894,210,42921
"94","Tierra del Fuego","Moderna Bivariante BA 4 5",0,0,0,0,1148
"94","Tierra del Fuego","Pfizer BioNTech Comirnaty",0,14517,13715,944,33839
"94","Tierra del Fuego","Pfizer Bivariante BA 4 5",0,7,2,0,5473
"94","Tierra del Fuego","Pfizer Pediátrica",0,123,54,10,3307
"94","Tierra del Fuego","Sinopharm Vacuna SARSCOV 2 inactivada",0,58533,53903,24,211
"94","Tierra del Fuego","Sputnik Light",6,0,8,0,4
"94","Tierra del Fuego","Sputnik V COVID19 Instituto Gamaleya",0,44858,30845,539,7488
"90","Tucumán","AstraZeneca ChAdOx1 S recombinante",0,352984,331957,43754,190839
"90","Tucumán","COVISHIELD ChAdOx1nCoV COVID 19",0,20654,87,0,0
"90","Tucumán","Cansino Ad5 nCoV",7718,0,69,1410,18419
"90","Tucumán","Moderna 010 mg mL",0,1852,783,0,7178
"90","Tucumán","Moderna ARNm 020 mg mL",0,34691,109359,21452,325540
"90","Tucumán","Moderna Bivariante BA 4 5",0,5,6,0,3121
"90","Tucumán","Pfizer BioNTech Comirnaty",0,118779,102562,246,188967
"90","Tucumán","Pfizer Bivariante BA 4 5",0,0,0,0,29468
"90","Tucumán","Pfizer Pediátrica",0,2179,554,2651,36437
"90","Tucumán","Sinopharm Vacuna SARSCOV 2 inactivada",0,538977,477183,3,876
"90","Tucumán","Sputnik Light",70,0,115,0,4670
"90","Tucumán","Sputnik V COVID19 Instituto Gamaleya",0,431451,325097,4078,78457
