"jurisdiccion_codigo_indec","jurisdiccion_nombre","vacuna_nombre",dosis_unica_cantidad,primera_dosis_cantidad,segunda_dosis_cantidad,dosis_adicional_cantidad,dosis_refuerzo_cantidad
"06","Buenos Aires","AstraZeneca ChAdOx1 S recombinante",0,3648667,4022690,832866,1121870
"06","Buenos Aires","COVISHIELD ChAdOx1nCoV COVID 19",0,251418,383,0,0
"06","Buenos Aires","Cansino Ad5 nCoV",90334,0,7732,1632,110492
"06","Buenos Aires","Moderna 010 mg mL",0,52516,31855,0,183239
"06","Buenos Aires","Moderna ARNm 020 mg mL",0,426922,1263911,3185,4551694
"06","Buenos Aires","Moderna Bivariante BA 4 5",279,18,13,0,454217
"06","Buenos Aires","Pfizer BioNTech Comirnaty",0,1374330,1452490,77612,5408242
"06","Buenos Aires","Pfizer Bivariante BA 4 5",0,0,0,0,246790
"06","Buenos Aires","Pfizer Pediátrica",0,20672,10764,141456,2075
"06","Buenos Aires","Sinopharm Vacuna SARSCOV 2 inactivada",0,5957510,5272041,1662,13063
"06","Buenos Aires","Sputnik Light",426,0,1080,0,7923
"06","Buenos Aires","Sputnik V COVID19 Instituto Gamaleya",0,4315842,2693194,6256,859743
"02","CABA","AstraZeneca ChAdOx1 S recombinante",0,736246,769927,207328,507873
"02","CABA","COVISHIELD ChAdOx1nCoV COVID 19",0,66124,198,0,0
"02","CABA","Cansino Ad5 nCoV",30160,0,1673,44,51065
"02","CABA","Moderna 010 mg mL",0,16551,9688,0,64369
"02","CABA","Moderna ARNm 020 mg mL",0,36900,282469,1489,2065684
"02","CABA","Moderna Bivariante BA 4 5",4071,1602,2139,0,202062
"02","CABA","Pfizer BioNTech Comirnaty",0,196005,222389,64253,1287847
"02","CABA","Pfizer Bivariante BA 4 5",0,0,2,0,230850
"02","CABA","Pfizer Pediátrica",0,2891,2057,1678,89476
"02","CABA","Sinopharm Vacuna SARSCOV 2 inactivada",0,1030691,977945,1667,5469
"02","CABA","Sputnik Light",174,0,233,0,78
"02","CABA","Sputnik V COVID19 Instituto Gamaleya",0,903189,631678,791,14309
"10","Catamarca","AstraZeneca ChAdOx1 S recombinante",0,86676,86611,18029,59966
"10","Catamarca","COVISHIELD ChAdOx1nCoV COVID 19",0,4822,13,0,0
"10","Catamarca","Cansino Ad5 nCoV",2587,0,1050,328,48703
"10","Catamarca","Moderna 010 mg mL",0,5672,2900,0,13082
"10","Catamarca","Moderna ARNm 020 mg mL",0,7725,24272,403,141525
"10","Catamarca","Moderna Bivariante BA 4 5",133,348,270,0,15531
"10","Catamarca","Pfizer BioNTech Comirnaty",0,33597,30819,863,97350
"10","Catamarca","Pfizer Bivariante BA 4 5",0,1,5,0,15399
"10","Catamarca","Pfizer Pediátrica",0,47,91,52,15654
"10","Catamarca","Sinopharm Vacuna SARSCOV 2 inactivada",0,171536,157649,43,667
"10","Catamarca","Sputnik Light",5,0,3,0,294
"10","Catamarca","Sputnik V COVID19 Instituto Gamaleya",0,96760,73698,1649,29530
"22","Chaco","AstraZeneca ChAdOx1 S recombinante",0,240532,220669,29269,92674
"22","Chaco","COVISHIELD ChAdOx1nCoV COVID 19",0,15556,791,0,0
"22","Chaco","Cansino Ad5 nCoV",11410,0,823,212,21369
"22","Chaco","Moderna 010 mg mL",0,4759,2477,0,17332
"22","Chaco","Moderna ARNm 020 mg mL",0,31722,70299,1400,174129
"22","Chaco","Moderna Bivariante BA 4 5",683,496,273,0,28872
"22","Chaco","Pfizer BioNTech Comirnaty",0,69532,58822,7795,163917
"22","Chaco","Pfizer Bivariante BA 4 5",0,6,25,0,17937
"22","Chaco","Pfizer Pediátrica",0,811,336,252,4202
"22","Chaco","Sinopharm Vacuna SARSCOV 2 inactivada",0,393543,314774,445,3752
"22","Chaco","Sputnik Light",51,0,82,0,589
"22","Chaco","Sputnik V COVID19 Instituto Gamaleya",0,258379,182129,4471,54835
"26","Chubut","AstraZeneca ChAdOx1 S recombinante",0,132923,128788,20527,45938
"26","Chubut","COVISHIELD ChAdOx1nCoV COVID 19",0,11936,662,0,0
"26","Chubut","Cansino Ad5 nCoV",3587,0,366,52,5776
"26","Chubut","Moderna 010 mg mL",0,707,516,0,3845
"26","Chubut","Moderna ARNm 020 mg mL",0,21141,34157,1220,89958
"26","Chubut","Moderna Bivariante BA 4 5",307,93,73,0,19035
"26","Chubut","Pfizer BioNTech Comirnaty",0,33499,40170,4516,147015
"26","Chubut","Pfizer Bivariante BA 4 5",0,1,4,0,11491
"26","Chubut","Pfizer Pediátrica",0,483,230,28,2714
"26","Chubut","Sinopharm Vacuna SARSCOV 2 inactivada",0,173447,142389,174,1028
"26","Chubut","Sputnik Light",51,0,46,0,106
"26","Chubut","Sputnik V COVID19 Instituto Gamaleya",0,136836,100194,905,15191
"18","Corrientes","AstraZeneca ChAdOx1 S recombinante",0,194331,186159,17688,161683
"18","Corrientes","COVISHIELD ChAdOx1nCoV COVID 19",0,19895,493,0,0
"18","Corrientes","Cansino Ad5 nCoV",11273,0,288,71,40838
"18","Corrientes","Moderna 010 mg mL",0,10878,4402,0,25260
"18","Corrientes","Moderna ARNm 020 mg mL",0,28290,63295,393,324163
"18","Corrientes","Moderna Bivariante BA 4 5",133,244,147,0,31244
"18","Corrientes","Pfizer BioNTech Comirnaty",0,83467,81678,1794,275262
"18","Corrientes","Pfizer Bivariante BA 4 5",0,1,3,0,25236
"18","Corrientes","Pfizer Pediátrica",0,390,261,262,42855
"18","Corrientes","Sinopharm Vacuna SARSCOV 2 inactivada",0,430281,370661,66,2559
"18","Corrientes","Sputnik Light",0,0,0,0,11
"18","Corrientes","Sputnik V COVID19 Instituto Gamaleya",0,268529,195273,16,48889
"14","Córdoba","AstraZeneca ChAdOx1 S recombinante",0,809359,825110,183918,658781
"14","Córdoba","COVISHIELD ChAdOx1nCoV COVID 19",0,44130,129,0,0
"14","Córdoba","Cansino Ad5 nCoV",38411,0,5735,33,11375
"14","Córdoba","Moderna 010 mg mL",0,8396,5064,0,59475
"14","Córdoba","Moderna ARNm 020 mg mL",0,50358,269014,37,927456
"14","Córdoba","Moderna Bivariante BA 4 5",1043,335,313,0,56805
"14","Córdoba","Pfizer BioNTech Comirnaty",0,284157,259059,16564,728097
"14","Córdoba","Pfizer Bivariante BA 4 5",0,0,0,0,52376
"14","Córdoba","Pfizer Pediátrica",0,1771,1109,179,24683
"14","Córdoba","Sinopharm Vacuna SARSCOV 2 inactivada",0,1256904,1145057,512,9217
"14","Córdoba","Sputnik Light",37,0,8,0,17
"14","Córdoba","Sputnik V COVID19 Instituto Gamaleya",0,940037,627739,4081,98751
"30","Entre Ríos","AstraZeneca ChAdOx1 S recombinante",0,292130,287616,72089,179481
"30","Entre Ríos","COVISHIELD ChAdOx1nCoV COVID 19",0,17390,375,0,0
"30","Entre Ríos","Cansino Ad5 nCoV",14042,0,502,14,5349
"30","Entre Ríos","Moderna 010 mg mL",0,2950,1534,0,12011
"30","Entre Ríos","Moderna ARNm 020 mg mL",0,24213,86772,215,289410
"30","Entre Ríos","Moderna Bivariante BA 4 5",166,94,59,0,5679
"30","Entre Ríos","Pfizer BioNTech Comirnaty",0,98136,86558,7672,258432
"30","Entre Ríos","Pfizer Bivariante BA 4 5",0,4,9,0,23530
"30","Entre Ríos","Pfizer Pediátrica",0,256,139,51,14671
"30","Entre Ríos","Sinopharm Vacuna SARSCOV 2 inactivada",0,484625,430996,303,1635
"30","Entre Ríos","Sputnik Light",16,0,46,0,802
"30","Entre Ríos","Sputnik V COVID19 Instituto Gamaleya",0,325214,233697,3780,87237
"34","Formosa","AstraZeneca ChAdOx1 S recombinante",0,129565,156273,231065,77292
"34","Formosa","COVISHIELD ChAdOx1nCoV COVID 19",0,7392,8,0,0
"34","Formosa","Cansino Ad5 nCoV",7299,0,3,13,4799
"34","Formosa","Moderna 010 mg mL",0,5290,2245,0,22147
"34","Formosa","Moderna ARNm 020 mg mL",0,40762,9698,155,175173
"34","Formosa","Moderna Bivariante BA 4 5",1,1148,1067,0,38944
"34","Formosa","Pfizer BioNTech Comirnaty",0,26595,56199,21470,86689
"34","Formosa","Pfizer Bivariante BA 4 5",0,1,0,0,27332
"34","Formosa","Pfizer Pediátrica",0,30,88,118,11474
"34","Formosa","Sinopharm Vacuna SARSCOV 2 inactivada",0,235945,211595,372,445
"34","Formosa","Sputnik V COVID19 Instituto Gamaleya",0,138037,89212,2986,10079
"38","Jujuy","AstraZeneca ChAdOx1 S recombinante",0,165495,159601,31956,52885
"38","Jujuy","COVISHIELD ChAdOx1nCoV COVID 19",0,14040,296,0,0
"38","Jujuy","Cansino Ad5 nCoV",1729,0,1692,36,32613
"38","Jujuy","Moderna 010 mg mL",0,3329,1706,0,14105
"38","Jujuy","Moderna ARNm 020 mg mL",0,26973,43221,1542,201493
"38","Jujuy","Moderna Bivariante BA 4 5",1720,356,278,0,46734
"38","Jujuy","Pfizer BioNTech Comirnaty",0,58160,72323,14713,159807
"38","Jujuy","Pfizer Bivariante BA 4 5",0,9,20,0,31420
"38","Jujuy","Pfizer Pediátrica",0,2585,962,183,14903
"38","Jujuy","Sinopharm Vacuna SARSCOV 2 inactivada",0,279870,221094,439,1661
"38","Jujuy","Sputnik Light",31,0,157,0,1212
"38","Jujuy","Sputnik V COVID19 Instituto Gamaleya",0,154375,125534,12803,38929
"42","La Pampa","AstraZeneca ChAdOx1 S recombinante",0,69665,76783,37248,46117
"42","La Pampa","COVISHIELD ChAdOx1nCoV COVID 19",0,4602,0,0,0
"42","La Pampa","Cansino Ad5 nCoV",2908,0,0,0,3251
"42","La Pampa","Moderna 010 mg mL",0,714,369,0,3237
"42","La Pampa","Moderna ARNm 020 mg mL",0,6374,26207,0,126033
"42","La Pampa","Moderna Bivariante BA 4 5",24,34,18,0,4492
"42","La Pampa","Pfizer BioNTech Comirnaty",0,27757,27447,4685,142694
"42","La Pampa","Pfizer Bivariante BA 4 5",0,0,1,0,11381
"42","La Pampa","Pfizer Pediátrica",0,199,113,0,5916
"42","La Pampa","Sinopharm Vacuna SARSCOV 2 inactivada",0,136156,131067,0,10
"42","La Pampa","Sputnik Light",14,0,0,0,202
"42","La Pampa","Sputnik V COVID19 Instituto Gamaleya",0,89681,62256,330,20220
"46","La Rioja","AstraZeneca ChAdOx1 S recombinante",0,78785,79606,21299,30545
"46","La Rioja","COVISHIELD ChAdOx1nCoV COVID 19",0,7273,126,0,0
"46","La Rioja","Cansino Ad5 nCoV",3153,0,52,0,4428
"46","La Rioja","Moderna 010 mg mL",0,1578,735,0,6591
"46","La Rioja","Moderna ARNm 020 mg mL",0,10483,27032,1892,113474
"46","La Rioja","Moderna Bivariante BA 4 5",559,130,73,0,13789
"46","La Rioja","Pfizer BioNTech Comirnaty",0,30350,35373,10361,105006
"46","La Rioja","Pfizer Bivariante BA 4 5",0,1,3,0,8581
"46","La Rioja","Pfizer Pediátrica",0,60,52,427,5845
"46","La Rioja","Sinopharm Vacuna SARSCOV 2 inactivada",0,140935,126601,56,573
"46","La Rioja","Sputnik Light",11,0,10,0,924
"46","La Rioja","Sputnik V COVID19 Instituto Gamaleya",0,95135,70108,4327,30360
"50","Mendoza","AstraZeneca ChAdOx1 S recombinante",0,442254,432694,43462,290195
"50","Mendoza","COVISHIELD ChAdOx1nCoV COVID 19",0,25683,476,0,0
"50","Mendoza","Cansino Ad5 nCoV",11543,0,1840,52,41975
"50","Mendoza","Moderna 010 mg mL",0,12211,7204,0,35391
"50","Mendoza","Moderna ARNm 020 mg mL",0,31996,146560,185,392590
"50","Mendoza","Moderna Bivariante BA 4 5",1662,696,775,0,41644
"50","Mendoza","Pfizer BioNTech Comirnaty",0,152918,155870,6846,415876
"50","Mendoza","Pfizer Bivariante BA 4 5",0,6,39,0,68445
"50","Mendoza","Pfizer Pediátrica",0,4224,1186,54,22326
"50","Mendoza","Sinopharm Vacuna SARSCOV 2 inactivada",0,615608,529519,296,2349
"50","Mendoza","Sputnik Light",126,0,221,0,1380
"50","Mendoza","Sputnik V COVID19 Instituto Gamaleya",0,473601,301227,3161,119914
"54","Misiones","AstraZeneca ChAdOx1 S recombinante",0,228331,242312,87975,63365
"54","Misiones","COVISHIELD ChAdOx1nCoV COVID 19",0,16888,823,0,0
"54","Misiones","Cansino Ad5 nCoV",7646,0,100,49,765
"54","Misiones","Moderna 010 mg mL",0,2341,1006,0,3919
"54","Misiones","Moderna ARNm 020 mg mL",0,43337,56506,1049,48015
"54","Misiones","Moderna Bivariante BA 4 5",309,361,244,0,3014
"54","Misiones","Pfizer BioNTech Comirnaty",0,62138,63967,15127,148701
"54","Misiones","Pfizer Bivariante BA 4 5",0,0,0,0,14953
"54","Misiones","Pfizer Pediátrica",0,2146,788,232,2696
"54","Misiones","Sinopharm Vacuna SARSCOV 2 inactivada",0,351251,280275,1075,5841
"54","Misiones","Sputnik Light",8,0,12,0,29
"54","Misiones","Sputnik V COVID19 Instituto Gamaleya",0,258112,175659,27760,52921
"58","Neuquén","AstraZeneca ChAdOx1 S recombinante",0,142585,146583,24390,73082
"58","Neuquén","COVISHIELD ChAdOx1nCoV COVID 19",0,12840,66,0,0
"58","Neuquén","Cansino Ad5 nCoV",10672,0,2490,1,58904
"58","Neuquén","Moderna 010 mg mL",0,1864,1042,0,7221
"58","Neuquén","Moderna ARNm 020 mg mL",0,14537,45846,65,146900
"58","Neuquén","Moderna Bivariante BA 4 5",202,174,207,0,9657
"58","Neuquén","Pfizer BioNTech Comirnaty",0,51196,48028,3302,146652
"58","Neuquén","Pfizer Bivariante BA 4 5",0,6,16,0,22000
"58","Neuquén","Pfizer Pediátrica",0,396,196,26,3968
"58","Neuquén","Sinopharm Vacuna SARSCOV 2 inactivada",0,236835,212909,87,619
"58","Neuquén","Sputnik Light",101,0,124,0,318
"58","Neuquén","Sputnik V COVID19 Instituto Gamaleya",0,173051,125538,1712,56385
"62","Río Negro","AstraZeneca ChAdOx1 S recombinante",0,139536,149012,36075,62014
"62","Río Negro","COVISHIELD ChAdOx1nCoV COVID 19",0,13632,95,0,0
"62","Río Negro","Cansino Ad5 nCoV",3891,0,637,42,12302
"62","Río Negro","Moderna 010 mg mL",0,1838,1101,0,9014
"62","Río Negro","Moderna ARNm 020 mg mL",0,11639,51743,6624,175161
"62","Río Negro","Moderna Bivariante BA 4 5",1201,59,74,0,19939
"62","Río Negro","Pfizer BioNTech Comirnaty",0,53326,51878,25233,159747
"62","Río Negro","Pfizer Bivariante BA 4 5",0,0,4,0,26770
"62","Río Negro","Pfizer Pediátrica",0,812,323,38,4456
"62","Río Negro","Sinopharm Vacuna SARSCOV 2 inactivada",0,266762,236729,585,1964
"62","Río Negro","Sputnik V COVID19 Instituto Gamaleya",0,171114,113845,15588,37347
"66","Salta","AstraZeneca ChAdOx1 S recombinante",0,312293,277040,23081,25933
"66","Salta","COVISHIELD ChAdOx1nCoV COVID 19",0,18005,73,0,0
"66","Salta","Cansino Ad5 nCoV",3937,0,258,476,8526
"66","Salta","Moderna 010 mg mL",0,5939,2501,0,24386
"66","Salta","Moderna ARNm 020 mg mL",0,36793,100600,4504,307433
"66","Salta","Moderna Bivariante BA 4 5",1811,548,411,0,59351
"66","Salta","Pfizer BioNTech Comirnaty",0,105156,111676,17422,294724
"66","Salta","Pfizer Bivariante BA 4 5",0,7,40,0,52769
"66","Salta","Pfizer Pediátrica",0,3307,1117,53,7436
"66","Salta","Sinopharm Vacuna SARSCOV 2 inactivada",0,419901,343727,277,1402
"66","Salta","Sputnik Light",151,0,362,0,4201
"66","Salta","Sputnik V COVID19 Instituto Gamaleya",0,300553,206693,10559,58854
"70","San Juan","AstraZeneca ChAdOx1 S recombinante",0,157687,165593,24464,55999
"70","San Juan","COVISHIELD ChAdOx1nCoV COVID 19",0,8867,12,0,0
"70","San Juan","Cansino Ad5 nCoV",7284,0,1226,362,32325
"70","San Juan","Moderna 010 mg mL",0,2669,1499,0,14337
"70","San Juan","Moderna ARNm 020 mg mL",0,19531,45062,665,126639
"70","San Juan","Moderna Bivariante BA 4 5",213,78,76,0,12733
"70","San Juan","Pfizer BioNTech Comirnaty",0,58686,52683,7353,137700
"70","San Juan","Pfizer Bivariante BA 4 5",0,2,0,0,15306
"70","San Juan","Pfizer Pediátrica",0,590,330,2,9777
"70","San Juan","Sinopharm Vacuna SARSCOV 2 inactivada",0,264072,238525,53,445
"70","San Juan","Sputnik Light",75,0,121,0,646
"70","San Juan","Sputnik V COVID19 Instituto Gamaleya",0,197728,137157,6125,53049
"74","San Luis","AstraZeneca ChAdOx1 S recombinante",0,99369,106949,37238,55039
"74","San Luis","COVISHIELD ChAdOx1nCoV COVID 19",0,6829,0,0,0
"74","San Luis","Cansino Ad5 nCoV",6222,0,936,1,30840
"74","San Luis","Moderna 010 mg mL",0,656,282,0,5444
"74","San Luis","Moderna ARNm 020 mg mL",0,9278,32213,430,162190
"74","San Luis","Moderna Bivariante BA 4 5",161,46,35,0,7162
"74","San Luis","Pfizer BioNTech Comirnaty",0,38696,37199,12270,180436
"74","San Luis","Pfizer Bivariante BA 4 5",0,2,0,0,4160
"74","San Luis","Pfizer Pediátrica",0,110,53,6,16485
"74","San Luis","Sinopharm Vacuna SARSCOV 2 inactivada",0,174585,165905,22,496
"74","San Luis","Sputnik Light",8,0,12,0,317
"74","San Luis","Sputnik V COVID19 Instituto Gamaleya",0,126859,93033,306,29920
"78","Santa Cruz","AstraZeneca ChAdOx1 S recombinante",0,65269,65142,8993,31152
"78","Santa Cruz","COVISHIELD ChAdOx1nCoV COVID 19",0,6019,730,0,0
"78","Santa Cruz","Cansino Ad5 nCoV",2351,0,90,1,2674
"78","Santa Cruz","Moderna 010 mg mL",0,876,406,0,2191
"78","Santa Cruz","Moderna ARNm 020 mg mL",0,9724,20455,121,66986
"78","Santa Cruz","Moderna Bivariante BA 4 5",55,47,43,0,8624
"78","Santa Cruz","Pfizer BioNTech Comirnaty",0,24269,26056,7683,70248
"78","Santa Cruz","Pfizer Bivariante BA 4 5",0,1,5,0,10350
"78","Santa Cruz","Pfizer Pediátrica",0,115,71,12,3253
"78","Santa Cruz","Sinopharm Vacuna SARSCOV 2 inactivada",0,106336,94071,80,655
"78","Santa Cruz","Sputnik Light",24,0,48,0,517
"78","Santa Cruz","Sputnik V COVID19 Instituto Gamaleya",0,91654,68989,3135,23731
"82","Santa Fe","AstraZeneca ChAdOx1 S recombinante",0,761874,775014,248699,288006
"82","Santa Fe","COVISHIELD ChAdOx1nCoV COVID 19",0,41486,58,0,0
"82","Santa Fe","Cansino Ad5 nCoV",26556,0,179,29,2109
"82","Santa Fe","Moderna 010 mg mL",0,13295,7130,0,42881
"82","Santa Fe","Moderna ARNm 020 mg mL",0,47440,258495,14225,1457087
"82","Santa Fe","Moderna Bivariante BA 4 5",1377,1012,742,0,85834
"82","Santa Fe","Pfizer BioNTech Comirnaty",0,269394,262533,133659,1024137
"82","Santa Fe","Pfizer Bivariante BA 4 5",0,0,0,0,60525
"82","Santa Fe","Pfizer Pediátrica",0,528,278,1225,23770
"82","Santa Fe","Sinopharm Vacuna SARSCOV 2 inactivada",0,1182912,1104746,649,3338
"82","Santa Fe","Sputnik Light",155,0,319,0,2783
"82","Santa Fe","Sputnik V COVID19 Instituto Gamaleya",0,921745,648269,7664,122971
"86","Santiago del Estero","AstraZeneca ChAdOx1 S recombinante",0,212195,211916,49262,120831
"86","Santiago del Estero","COVISHIELD ChAdOx1nCoV COVID 19",0,11969,1317,0,0
"86","Santiago del Estero","Cansino Ad5 nCoV",17418,0,976,5207,75538
"86","Santiago del Estero","Moderna 010 mg mL",0,4164,1675,0,16101
"86","Santiago del Estero","Moderna ARNm 020 mg mL",0,11692,72828,1596,219583
"86","Santiago del Estero","Moderna Bivariante BA 4 5",16,116,91,0,6500
"86","Santiago del Estero","Pfizer BioNTech Comirnaty",0,97095,91149,3753,131393
"86","Santiago del Estero","Pfizer Bivariante BA 4 5",0,3,27,0,15011
"86","Santiago del Estero","Pfizer Pediátrica",0,94,81,39,18356
"86","Santiago del Estero","Sinopharm Vacuna SARSCOV 2 inactivada",1,399208,371022,316,1539
"86","Santiago del Estero","Sputnik Light",3,0,5,0,90
"86","Santiago del Estero","Sputnik V COVID19 Instituto Gamaleya",0,229235,157057,14756,61802
"94","Tierra del Fuego","AstraZeneca ChAdOx1 S recombinante",0,35152,35554,6892,21445
"94","Tierra del Fuego","COVISHIELD ChAdOx1nCoV COVID 19",0,2740,759,0,0
"94","Tierra del Fuego","Cansino Ad5 nCoV",349,0,126,17,3140
"94","Tierra del Fuego","Moderna 010 mg mL",0,471,224,0,1172
"94","Tierra del Fuego","Moderna ARNm 020 mg mL",0,2415,12895,210,42886
"94","Tierra del Fuego","Moderna Bivariante BA 4 5",323,28,29,0,7558
"94","Tierra del Fuego","Pfizer BioNTech Comirnaty",0,14517,13716,944,33859
"94","Tierra del Fuego","Pfizer Bivariante BA 4 5",0,7,2,0,6022
"94","Tierra del Fuego","Pfizer Pediátrica",0,123,54,10,3307
"94","Tierra del Fuego","Sinopharm Vacuna SARSCOV 2 inactivada",0,58534,53907,24,212
"94","Tierra del Fuego","Sputnik Light",9,0,12,0,6
"94","Tierra del Fuego","Sputnik V COVID19 Instituto Gamaleya",0,44858,30848,539,7488
"90","Tucumán","AstraZeneca ChAdOx1 S recombinante",0,352998,331992,43753,191006
"90","Tucumán","COVISHIELD ChAdOx1nCoV COVID 19",0,20665,90,0,0
"90","Tucumán","Cansino Ad5 nCoV",7721,0,68,1410,18502
"90","Tucumán","Moderna 010 mg mL",0,2046,923,0,9647
"90","Tucumán","Moderna ARNm 020 mg mL",0,34700,109373,21452,325996
"90","Tucumán","Moderna Bivariante BA 4 5",0,240,334,0,22940
"90","Tucumán","Pfizer BioNTech Comirnaty",0,118795,102590,246,189266
"90","Tucumán","Pfizer Bivariante BA 4 5",0,9,23,0,61822
"90","Tucumán","Pfizer Pediátrica",0,2181,557,2652,36505
"90","Tucumán","Sinopharm Vacuna SARSCOV 2 inactivada",0,539074,477361,3,943
"90","Tucumán","Sputnik Light",87,0,134,0,5688
"90","Tucumán","Sputnik V COVID19 Instituto Gamaleya",0,431466,325133,4078,78502
